"","Code","Platform","Urgency","Objective","HPP","Intervention","LIC.Unit.Price","LIC.PIN","LIC.Coverage","LIC.Target","LMIC.Unit.Price","LMIC.PIN","LMIC.Coverage","LMIC.Target"
"1","C1","Community","Time-bound (non-urgent)","Non-health outcomes",0,"Antenatal and postpartum education on family planning",0.215422254339576,"40367692","0.39","0.8",0.503299785313569,"85725346","0.5","0.8"
"2","C10","Community","Time-bound (non-urgent)","Mortality reduction; under-5",1,"Education on handwashing and safe disposal of children's stools",2.72694363987745,"28199878","0.3822","0.8",6.88635848199362,"58334371","0.4869","0.8"
"3","C11","Community","Time-bound (non-urgent)","Mortality reduction; under-5",1,"Pneumococcus vaccination",10.648253611253,"28199878","0.70706","0.8",10.648253611253,"58334371","0.72507","0.8"
"4","C12","Community","Time-bound (non-urgent)","Mortality reduction; under-5",1,"Rotavirus vaccination",10.648253611253,"28199878","0.58822","0.8",10.648253611253,"58334371","0.54339","0.8"
"5","C13","Health center","Time-bound (non-urgent)","Mortality reduction; under-5",1,"Provision of cotrimoxazole to children born to HIV-positive mothers",6.55097900552134,"416192","0.7489","0.8",11.9485084182853,"342700","0.4849","0.8"
"6","C14.1","Community","Time-bound (non-urgent)","Mortality reduction; under-5",1,"Provision of vitamin A and zinc supplementation to children according to WHO guidelines, and provision of food supplementation to women and children in food insecure households",0.000753286755275412,"128473703","0.84","0.8",0.00206905663779075,"290973271","0.65","0.8"
"7","C14.2","Community","Time-bound (non-urgent)","Mortality reduction; under-5",1,"Provision of vitamin A and zinc supplementation to children according to WHO guidelines, and provision of food supplementation to women and children in food insecure households",3.50067143200659,"27750319.85","0.0","0.8",5.02362460140136,"69949974.35","0.0","0.8"
"8","C15","Community","Time-bound (non-urgent)","Mortality reduction; under-5",0,"Mass social marketing of insecticide treated nets",0.335142357945057,"862847277.1","0.19","0.8",0.770088886333703,"2377100784","0.49","0.8"
"9","C16.1","Community","Time-bound (non-urgent)","Mortality reduction; under-5",1,"Childhood vaccination series (diptheria, pertussis, tetanus, polio, BCG, measles, hepatitis B, Hib, rubella)",0.10141193915479,"28199878","0.83","0.8",0.10141193915479,"58334371","0.84","0.8"
"10","C16.2","Community","Time-bound (non-urgent)","Mortality reduction; under-5",1,"Childhood vaccination series (diptheria, pertussis, tetanus, polio, BCG, measles, hepatitis B, Hib, rubella)",0.294094623548891,"28199878","0.8","0.8",0.294094623548891,"58334371","0.82","0.8"
"11","C16.3","Community","Time-bound (non-urgent)","Mortality reduction; under-5",1,"Childhood vaccination series (diptheria, pertussis, tetanus, polio, BCG, measles, hepatitis B, Hib, rubella)",0.365082980957245,"27014418","0.59","0.8",0.496918501858472,"59505746","0.54","0.8"
"12","C16.4","Community","Time-bound (non-urgent)","Mortality reduction; under-5",1,"Childhood vaccination series (diptheria, pertussis, tetanus, polio, BCG, measles, hepatitis B, Hib, rubella)",6.1861282884422,"28199878","0.8","0.8",6.1861282884422,"58334371","0.81","0.8"
"13","C16.5","Community","Time-bound (non-urgent)","Mortality reduction; under-5",1,"Childhood vaccination series (diptheria, pertussis, tetanus, polio, BCG, measles, hepatitis B, Hib, rubella)",0.344800593126287,"28199878","0.78","0.8",0.344800593126287,"58334371","0.8","0.8"
"14","C16.6","Community","Time-bound (non-urgent)","Mortality reduction; under-5",1,"Childhood vaccination series (diptheria, pertussis, tetanus, polio, BCG, measles, hepatitis B, Hib, rubella)",0.10141193915479,"28199878","0.71","0.8",0.10141193915479,"58334371","0.73","0.8"
"15","C16.7","Community","Time-bound (non-urgent)","Mortality reduction; under-5",1,"Childhood vaccination series (diptheria, pertussis, tetanus, polio, BCG, measles, hepatitis B, Hib, rubella)",0.760589543660926,"25364821","0.8","0.8",0.791013125407363,"57866881","0.81","0.8"
"16","C16.8","Community","Time-bound (non-urgent)","Mortality reduction; under-5",1,"Childhood vaccination series (diptheria, pertussis, tetanus, polio, BCG, measles, hepatitis B, Hib, rubella)",0.273812235717933,"23307013","0.8","0.8",0.30423581746437,"55016713","0.81","0.8"
"17","C17","Community","Time-bound (non-urgent)","Mortality reduction; under-5",1,"In high malaria transmission settings, indoor residual spraying (IRS) in selected areas with high transmission and entomologic data on IRS suspectibility",0.560722800187662,"862847277.1","0.59","0.8",1.2480352203466,"2377100784","0.5","0.8"
"18","C18","Community","Time-bound (non-urgent)","Reduction in disability",0,"Education of schoolchildren on oral health",0.632668565002553,"1.25725951E8","0.33","0.8",0.662795639526484,"3.31516343E8","0.33","0.8"
"19","C19","Community","Time-bound (non-urgent)","Reduction in disability",0,"Vision prescreening by teachers; vision tests and provision of ready-made glasses on-site by eye specialists",0.753176863098278,"1.25725951E8","0.33","0.8",0.793346295796853,"3.31516343E8","0.33","0.8"
"20","C2","Community","Time-bound (non-urgent)","Mortality reduction; under-5",1,"Counseling of mothers on providing thermal care for preterm newborns (delayed bath and skin-to-skin contact)",0.102950584052788,"2413827.0","0.2734","0.8",0.240527641912045,"3156179.0","0.3755","0.8"
"21","C20","Community","Time-bound (non-urgent)","Reduction in disability",1,"School-based education on sexual health, nutrition, and healthy lifestyle",3.77592667366603,"6.3237939E7","0.33","0.8",3.97677383715891,"3.03387269E8","0.33","0.8"
"22","C21.1","Community","Time-bound (non-urgent)","Reduction in disability",1,"Mass drug administration for lymphatic filariasis, onchocerciasis, schistosomiasis, soil-transmitted helminthiases and trachoma, and foodborne trematode infections",0.272381459044994,"277383324","0.77","0.8",0.573069705311627,"810555156","0.77","0.8"
"23","C21.2","Community","Time-bound (non-urgent)","Reduction in disability",1,"Mass drug administration for lymphatic filariasis, onchocerciasis, schistosomiasis, soil-transmitted helminthiases and trachoma, and foodborne trematode infections",0.221243921090372,"95031139","0.78","0.8",0.399342090145187,"74789314","0.99","0.8"
"24","C21.3","Community","Time-bound (non-urgent)","Reduction in disability",1,"Mass drug administration for lymphatic filariasis, onchocerciasis, schistosomiasis, soil-transmitted helminthiases and trachoma, and foodborne trematode infections",0.335296962071955,"132632285","0.52","0.8",0.701416674731366,"49391247","0.52","0.8"
"25","C21.4","Community","Time-bound (non-urgent)","Reduction in disability",1,"Mass drug administration for lymphatic filariasis, onchocerciasis, schistosomiasis, soil-transmitted helminthiases and trachoma, and foodborne trematode infections",1.08180717951518,"293848855","0.0","0.8",2.26306134677479,"479039515","0.0","0.8"
"26","C21.5","Community","Time-bound (non-urgent)","Reduction in disability",1,"Mass drug administration for lymphatic filariasis, onchocerciasis, schistosomiasis, soil-transmitted helminthiases and trachoma, and foodborne trematode infections",0.42219126151974,"141276903","0.75","0.8",0.888258043233022,"91138670","0.75","0.8"
"27","C22","Community","Time-bound (non-urgent)","Mortality reduction: age 5+; group II-III causes",0,"School based HPV vaccination for girls",9.17871537162435,"8429081","0.0","0.8",14.2099368171208,"2.2113422E7","0.0","0.8"
"28","C23","Community","Time-bound (non-urgent)","Reduction in disability",0,"Adolescent-friendly health services including: provision of condoms to prevent STIs; provision of reversible contraception; treatment of injury in general and abuse in particular; and screening and treatment for STIs",5.24211096716401,"1.00492529E8","0.3333333333","0.8",5.52329699605404,"3.60097478E8","0.3333333333","0.8"
"29","C24","Community","Time-bound (non-urgent)","Non-health outcomes",0,"Life skills training in schools to build social and emotional competencies",3.77592667366603,"6.3237939E7","0.3333333333","0.8",3.97677383715891,"3.03387269E8","0.3333333333","0.8"
"30","C25","Community","Time-bound (non-urgent)","Reduction in disability",0,"Education campaigns for the prevention of gender-based violence",0.188578933795979,"4.4339054E7","0.39","0.8",0.440584642404521,"1.36568388E8","0.5","0.8"
"31","C26","Community","Time-bound (non-urgent)","Reduction in disability",0,"In countries where it is a public health concern, prevention of FGM (may be for daughters of women of reproductive age)",0.188578933795979,"5.8896276E7","0.39","0.8",0.440584642404521,"1.71715047E8","0.5","0.8"
"32","C27.1","Community","Time-bound (non-urgent)","Mortality reduction; under-5",1,"Provision of iron and folic acid supplementation to pregnant women, and provision of food or caloric supplementation to pregnant women in food insecure households",2.45452707194502,"40367692","0.39","0.8",3.52235930247264,"85725346","0.5","0.8"
"33","C27.2","Community","Time-bound (non-urgent)","Mortality reduction; under-5",1,"Provision of iron and folic acid supplementation to pregnant women, and provision of food or caloric supplementation to pregnant women in food insecure households",0.340498580135647,"7485051.887","0.39","0.8",0.797700820046264,"25632317.69","0.5","0.8"
"34","C28","Community","Time-bound (non-urgent)","Mortality reduction: age 5+; group I causes",1,"Community-based HIV testing and counseling (for example, mobile units and venue-based testing), with appropriate referral or linkage to care and immediate initiation of lifelong ART",21.7256765570643,"30736563","0.16","0.8",49.6502794237651,"40316814","0.03","0.8"
"35","C29","Community","Time-bound (non-urgent)","Mortality reduction: age 5+; group I causes",0,"Household HIV testing and counseling in high-prevalence settings, with appropriate referral or linkage to care and immediate initiation of lifelong ART",6.13283620525868,"30736563","0.16","0.8",14.0155373505395,"40316814","0.03","0.8"
"36","C3","Community","Urgent","Mortality reduction; under-5",1,"Management of labour and delivery in low risk women by skilled attendants",6.58455650214477,"27325553","0.5","0.8",13.8191511003478,"58108505","0.62","0.8"
"37","C30","Community","Time-bound (non-urgent)","Mortality reduction: age 5+; group I causes",1,"Provision of condoms to key populations, including sex workers, men who have sex with men, people who inject drugs, transgender populations, and prisoners",1.83579082215955,"8261988.134","0.0","0.8",4.06250444210697,"3951048.0","0.0","0.8"
"38","C31","Health center","Chronic","Mortality reduction: age 5+; group II-III causes",1,"Provision of harm reduction services such as safe injection equipment and opioid substitution therapy to people who inject drugs",6.66812582796342,"2771859","0.01","0.8",0.1806853860101,"11939490","0.01","0.8"
"39","C32","Community","Chronic","Mortality reduction: age 5+; group I causes",0,"Routine contact tracing to identify individuals exposed to TB and link them to care",2.59999414827539,"1207369","0.56","0.8",3.20352217353742,"4690082","0.54","0.8"
"40","C33.1","Community","Urgent","Mortality reduction; under-5",0,"For malaria due to P. vivax, test for G6PD deficiency; if normal, add chloroquine or chloroquine plus 14-day course of primaquine",0.932989840224069,"103804357.7","0.19","0.8",0.932989840224069,"164201517.1","0.49","0.8"
"41","C33.2","Community","Urgent","Mortality reduction; under-5",0,"For malaria due to P. vivax, test for G6PD deficiency; if normal, add chloroquine or chloroquine plus 14-day course of primaquine",0.354941787041765,"5459580.264","0.19","0.8",0.354941787041765,"8252076.926","0.49","0.8"
"42","C34","Community","Time-bound (non-urgent)","Mortality reduction; under-5",0,"Conduct larviciding and water-management programs in high malaria transmission areas where mosquito breeding sites can be identified and regularly targeted",1.8637997749903,"86284727.71","0.19","0.8",4.37590105354477,"237710078.4","0.49","0.8"
"43","C35.1","Community","Urgent","Mortality reduction; under-5",1,"In all malaria-endemic countries, diagnosis with rapid test or microscopy (including speciation) followed by treatment with ACTs (or current first-line combination)",1.42663139062539,"227053297.6","0.65","0.8",3.54465534400473,"338257779.7","0.8","0.8"
"44","C35.2","Community","Urgent","Mortality reduction; under-5",1,"In all malaria-endemic countries, diagnosis with rapid test or microscopy (including speciation) followed by treatment with ACTs (or current first-line combination)",1.69205118423012,"8857477.657","0.65","0.8",4.20412610568003,"41924007.06","0.8","0.8"
"45","C35.3","Community","Urgent","Mortality reduction; under-5",1,"In all malaria-endemic countries, diagnosis with rapid test or microscopy (including speciation) followed by treatment with ACTs (or current first-line combination)",6.9424223717977,"67470481.72","0.19","0.8",16.0410932745989,"133823988.9","0.49","0.8"
"46","C36","Community","Urgent","Mortality reduction; under-5",1,"In high malaria transmission settings where rapid tests and microscopy are unavailable, presumptive treatment of febrile illness with ACTs (non-severe cases) or ACTs plus antibiotics (severe cases)",3.37304321039337,"36330259.39","0.19","0.8",8.38077426295693,"33455997.24","0.49","0.8"
"47","C37","Community","Time-bound (non-urgent)","Mortality reduction; under-5",1,"In high malaria transmission settings, intermittent preventive treatment in infancy (except where seasonal malaria chemoprophylaxis is being provided)",0.449432839844213,"26000137.9","0.36","0.8",1.05555852846911,"52943834.3","0.5","0.8"
"48","C38","Community","Urgent","Mortality reduction; under-5",0,"In low malaria transmision settings, addition of single low-dose primaquine to first-line treatment",0.020282387830958,"21849","0.19","0.8",0.020282387830958,"3134","0.49","0.8"
"49","C39","Community","Time-bound (non-urgent)","Mortality reduction; under-5",0,"In low malaria transmission settings, case investigation, reactive case detection, proactive case detection (including mass screening and treatment)",4.05883035332065,"109245","0.19","0.8",9.19886340438118,"15670","0.49","0.8"
"50","C4","Community","Time-bound (non-urgent)","Mortality reduction; under-5",0,"Promotion of breastfeeding or complementary feeding by lay health workers",0.102950584052788,"28199878","0.48","0.8",0.240527641912045,"58334371","0.33","0.8"
"51","C40","Community","Time-bound (non-urgent)","Mortality reduction; under-5",1,"In the Sahel region, seasonal malaria chemoprophylaxis",12.9482338146558,"22380319","0.4","0.8",26.0087228840116,"36435397","0.5","0.8"
"52","C41","Community","Time-bound (non-urgent)","Mortality reduction; under-5",0,"Mass drug administration in low malaria transmission settings (including high-risk groups in geographic or demographic clusters)",0.783428615060982,"33660161","0.19","0.8",0.783428615060982,"294620246","0.49","0.8"
"53","C42","Community","Chronic","Reduction in disability",0,"Management of lymphedema",6.60787167891556,"19775899","0.05","0.8",14.4107839806137,"58935023","0.08","0.8"
"54","C43.1","Community","Time-bound (non-urgent)","Reduction in disability",1,"Early detection and treatment of Chagas disease, human African trypanosomiasis, leprosy, and leishmaniases",150.571109388433,"228","0.4","0.8",207.742741620191,"763062","0.5","0.8"
"55","C43.2","Community","Time-bound (non-urgent)","Reduction in disability",1,"Early detection and treatment of Chagas disease, human African trypanosomiasis, leprosy, and leishmaniases",338.255379502324,"10120","0.4","0.8",516.070460580126,"379","0.5","0.8"
"56","C43.3","Community","Time-bound (non-urgent)","Reduction in disability",1,"Early detection and treatment of Chagas disease, human African trypanosomiasis, leprosy, and leishmaniases",106.733962166089,"126465","0.4","0.8",184.246522205347,"284731","0.5","0.8"
"57","C43.4","Community","Time-bound (non-urgent)","Reduction in disability",1,"Early detection and treatment of Chagas disease, human African trypanosomiasis, leprosy, and leishmaniases",50.3880498588119,"1562501","0.4","0.8",131.392413480497,"1985384","0.5","0.8"
"58","C43.5","Community","Time-bound (non-urgent)","Reduction in disability",1,"Early detection and treatment of Chagas disease, human African trypanosomiasis, leprosy, and leishmaniases",160.480885212424,"25427","0.4","0.8",335.472737217838,"194311","0.5","0.8"
"59","C44","Community","Time-bound (non-urgent)","Reduction in disability",0,"Total Community Treatment for yaws",3.44820073511984,"453","0.4","0.8",8.1349025479921,"58915","0.5","0.8"
"60","C45","Community","Time-bound (non-urgent)","Mortality reduction: age 5+; group I causes",0,"Identify and refer patients with high risk including pregnant women, young children, and those with underlying medical conditions",0.0903812235717933,"896507438","0.05","0.8",0.0903812235717933,"2671721030","0.08","0.8"
"61","C46","Community","Time-bound (non-urgent)","Mortality reduction: age 5+; group I causes",0,"Provide advice and guidance on how to recognise early symptoms and signs and when to seek medical attention",0.0903812235717933,"896507438","0.05","0.8",0.0903812235717933,"2671721030","0.08","0.8"
"62","C48","Community","Chronic","Reduction in disability",0,"Self-managed treatment of migraine",0.168589295142172,"99371080","0.3","0.8",0.176492616647682,"386443135","0.5","0.8"
"63","C49","Community","Time-bound (non-urgent)","Reduction in disability",0,"Early identification of lead poisoning and counseling of families in remediation strategies for sources of environmental exposure",0.188578933795979,"896507.4378","0.05","0.8",0.440584642404521,"8015163.09","0.08","0.8"
"64","C5.1","Community","Time-bound (non-urgent)","Mortality reduction: age 5+; group I causes",1,"Tetanus toxoid immunisation for school-aged children",0.502117908732185,"125725951","0.33","0.8",0.532244983256116,"331516343","0.33","0.8"
"65","C5.2","Health center","Time-bound (non-urgent)","Mortality reduction; under-5",1,"Tetanus toxoid immunisation among women attending antenatal care",0.385365368788203,"40367692","0.46","0.8",0.436071338365598,"85725346","0.65","0.8"
"66","C50","Community","Time-bound (non-urgent)","Reduction in disability",0,"Parent training for high-risk families, including nurse home visitation for child maltreatment",2.31771353362896,"66936","0.05","0.8",5.10039737681381,"158880","0.08","0.8"
"67","C51","Community","Time-bound (non-urgent)","Mortality reduction; under-5",0,"WASH behavior change interventions, such as community-led total sanitation",0.374524506186866,"179301487.6","0.46","0.8",0.787970844803488,"534344205.8","0.62","0.8"
"68","C52","Community","Chronic","Reduction in disability",0,"Cardiac and pulmonary rehabilitation programs",6.58,"19775899","0.05","0.8",14.35,"58935023","0.08","0.8"
"69","C53","Community","Time-bound (non-urgent)","Reduction in disability",0,"Early childhood development rehabilitation interventions, including motor, sensory, and language stimulation",6.58,"19775899","0.05","0.8",14.35,"58935023","0.08","0.8"
"70","C54","Community","Chronic","Reduction in disability",0,"Functional interventions for self-care for individuals with disabilities",6.58,"19775899","0.05","0.8",14.35,"58935023","0.08","0.8"
"71","C55","Community","Chronic","Reduction in disability",0,"Individualized environmental modifications (for example, adaptations to a house)",6.58,"19775899","0.05","0.8",14.35,"58935023","0.08","0.8"
"72","C56","Community","Chronic","Reduction in disability",0,"Pressure area prevention and supportive seating interventions for wheelchair users",6.58,"19775899","0.05","0.8",14.35,"58935023","0.08","0.8"
"73","C57","Community","Chronic","Reduction in disability",0,"Provision and training in the use of basic assistive products (such as canes, braille displays, and other aides) and compensatory strategies needed to communicate and perform activities of daily living",6.58,"19775899","0.05","0.8",14.35,"58935023","0.08","0.8"
"74","C58","Community","Chronic","Reduction in disability",0,"Training and retraining for disorders of speech, swallowing, communication, and cognition",6.58,"19775899","0.05","0.8",14.35,"58935023","0.08","0.8"
"75","C59","Community","Chronic","Reduction in disability",0,"Training, retraining, and exercise programs that address musculoskeletal injuries and disorders, including chronic low back and neck pain",6.58,"19775899","0.05","0.8",14.35,"58935023","0.08","0.8"
"76","C6","Community","Time-bound (non-urgent)","Mortality reduction: age 5+; group I causes",0,"HIV education and counseling for pregnant women, sex workers, people who inject drugs, men who have sex with men, and transgender individuals, and PLHIV and their partners",0.188578933795979,"22077536.55","0.16","0.8",0.489788303508406,"70006421","0.03","0.8"
"77","C7","Health center","Chronic","Mortality reduction; under-5",1,"In high malaria transmission settings, intermittent preventive treatment in pregnancy",0.449507807402958,"38852051.48","0.36","0.8",1.02279218272409,"76272105","0.5","0.8"
"78","C8","Community","Urgent","Mortality reduction; under-5",1,"Management of severe acute malnutrition, including early detection in community settings",2.03890549785225,"3548622.0","0.5105","0.8",4.42628231027271,"1.3390505E7","0.6612","0.8"
"79","C9","Community","Urgent","Mortality reduction; under-5",1,"Detection and treatment of childhood infections (iCCM), including referral if danger signs",9.36758612021975,"1.26352848E8","0.5105","0.8",20.1239844522257,"2.86345908E8","0.6612","0.8"
"80","C99","Community","Urgent","Mortality reduction; under-5",1,"Basic neonatal resuscitation following delivery",1.35891998467419,"1080577.0","0.27","0.8",1.72400296563143,"2380230.0","0.38","0.8"
"81","FLH1","First-level hospital","Chronic","Reduction in disability",0,"Detection and management of fetal growth restriction",186.251418716059,"1127995.0","0.39","0.8",311.436690339076,"2333375.0","0.5","0.8"
"82","FLH10","First-level hospital","Time-bound (non-urgent)","Non-health outcomes",1,"Surgical termination of pregnancy by manual vacuum aspiration and dilation and curettage",107.776727965888,"7935256.0","0.01","0.8",138.042439449437,"1.5312253E7","0.03","0.8"
"83","FLH13","First-level hospital","Chronic","Mortality reduction: age 5+; group II-III causes",1,"Early detection and treatment of early-stage cervical cancer",42.303870988175,"112123.0","0.1","0.8",56.2633248641862,"195878.0","0.2","0.8"
"84","FLH15","First-level hospital","Time-bound (non-urgent)","Non-health outcomes",1,"Tubal ligation",107.776727965888,"722058.26","0.01","0.8",138.042439449437,"14719806.5","0.03","0.8"
"85","FLH16","First-level hospital","Time-bound (non-urgent)","Non-health outcomes",1,"Vasectomy",107.776727965888,"10832.6","0.01","0.8",138.042439449437,"33068.04","0.03","0.8"
"86","FLH17","First-level hospital","Chronic","Mortality reduction: age 5+; group I causes",1,"Referral of cases of treatment failure for drug susceptibility testing; enrollment of those with MDR-TB for treatment per WHO guidelines (either short or long regimen)",3447.36777291136,"26562.0","0.56","0.8",4482.46617791265,"103182.0","0.54","0.8"
"87","FLH18.1","First-level hospital","Urgent","Mortality reduction: age 5+; group I causes",1,"Evaluation and management of fever in clinically unstable individuals using WHO IMAI guidelines, including empiric parenteral antimicrobials and antimalarials and resuscitative measures for septic shock",25.8074754670829,"1.0433848E7","0.19","0.8",55.8295330210434,"2.8736051E7","0.49","0.8"
"88","FLH18.2","First-level hospital","Urgent","Mortality reduction: age 5+; group I causes",1,"Evaluation and management of fever in clinically unstable individuals using WHO IMAI guidelines, including empiric parenteral antimicrobials and antimalarials and resuscitative measures for septic shock",44.7227657319657,"1.0433848E7","0.19","0.8",94.0932700360672,"2.8736051E7","0.49","0.8"
"89","FLH18.3","First-level hospital","Urgent","Mortality reduction: age 5+; group I causes",1,"Evaluation and management of fever in clinically unstable individuals using WHO IMAI guidelines, including empiric parenteral antimicrobials and antimalarials and resuscitative measures for septic shock",16.0917470311904,"1.0433848E7","0.19","0.8",37.6988350366803,"2.8736051E7","0.49","0.8"
"90","FLH19.1","First-level hospital","Urgent","Mortality reduction; under-5",1,"Management of severe malaria, including early detection and provision of rectal artesunate in community settings followed by parenteral artesunate and full-course of ACT",0.000324262017909113,"2076015.0","0.19","0.8",0.000740890242062005,"1965971.0","0.49","0.8"
"91","FLH19.2","First-level hospital","Urgent","Mortality reduction; under-5",1,"Management of severe malaria, including early detection and provision of rectal artesunate in community settings followed by parenteral artesunate and full-course of ACT",63.3044170378957,"5463197.0","0.19","0.8",146.944246095887,"8622680.0","0.49","0.8"
"92","FLH2","First-level hospital","Urgent","Mortality reduction; under-5",1,"Induction of labor post-term",2.10936833441964,"4036769.0","0.39","0.8",2.8496754902496,"8572535.0","0.5","0.8"
"93","FLH20","First-level hospital","Urgent","Mortality reduction: age 5+; group II-III causes",0,"Management of acute coronary syndromes with aspirin, unfractionated heparin, and generic thrombolytics (when indicated)",1213.73303881648,"1483178.0","0.04","0.8",1544.76098477995,"7449455.0","0.31","0.8"
"94","FLH21.1","First-level hospital","Urgent","Mortality reduction: age 5+; group II-III causes",0,"Management of acute critical limb ischemia with unfractionated heparin and revascularization where available, with amputation as a last resort",775.746906770776,"1094250.0","0.04","0.8",1046.62766340281,"4246388.0","0.31","0.8"
"95","FLH22","First-level hospital","Urgent","Mortality reduction: age 5+; group II-III causes",0,"Management of acute exacerbations of asthma and COPD using systemic steroids, inhaled beta-agonists, and, if indicated, oral antibiotics and oxygen therapy",187.2575337294,"1.5563596E7","0.05","0.8",398.092442230695,"3.6726611E7","0.08","0.8"
"96","FLH23","First-level hospital","Urgent","Mortality reduction: age 5+; group II-III causes",1,"Medical management of acute heart failure",845.950137783528,"1254950.0","0.04","0.8",1159.06480852947,"6009450.0","0.31","0.8"
"97","FLH24","First-level hospital","Urgent","Mortality reduction: age 5+; group II-III causes",1,"Management of bowel obstruction",215.553455931777,"127010.0","0.01","0.8",276.084878898875,"482364.0","0.03","0.8"
"98","FLH25","First-level hospital","Chronic","Reduction in disability",0,"Calcium and vitamin D supplementation for secondary prevention of osteoporosis",9.13854593892577,"1.7744692E7","0.05","0.8",11.2675258719502,"8.3159117E7","0.08","0.8"
"99","FLH26","First-level hospital","Chronic","Reduction in disability",1,"Combination therapy, including low-dose corticosteroids and generic disease-modifying antirheumatic drugs (including methotrexate), for individuals with moderate to severe rheumatoid arthritis",84.5064440396268,"1706809.0","0.05","0.8",93.9362183656172,"5277509.0","0.08","0.8"
"100","FLH27","First-level hospital","Time-bound (non-urgent)","Mortality reduction; under-5",1,"In settings where sickle cell disease is a public health concern, universal newborn screening followed by standard prophylaxis against bacterial infections and malaria",6.94537640510284,"2.8199878E7","0.05","0.8",10.2978146434797,"5.8334371E7","0.08","0.8"
"101","FLH28","First-level hospital","Time-bound (non-urgent)","Reduction in disability",0,"In settings where specific single-gene disorders are a public health concern (for example, thalassemias), retrospective identification of carriers plus prospective (premarital) screening and counseling to reduce rates of conception",60.4099620664548,"4074759.0","0.05","0.8",94.9353793483812,"2.6098219E7","0.08","0.8"
"102","FLH29.1","First-level hospital","Time-bound (non-urgent)","Reduction in disability",1,"Universal newborn screening for congenital endocrine or metabolic disorders (for example, congenital hypothyroidism, phenylketonuria) that have high incidence rates and for which long-term treatment is feasible in limited resource settings",0.574663887126726,"2.8199878E7","0.05","0.8",1.02108311888399,"5.8334371E7","0.08","0.8"
"103","FLH29.2","First-level hospital","Time-bound (non-urgent)","Reduction in disability",1,"Universal newborn screening for congenital endocrine or metabolic disorders (for example, congenital hypothyroidism, phenylketonuria) that have high incidence rates and for which long-term treatment is feasible in limited resource settings",983.742479919936,"501161.0","0.05","0.8",1747.94843051241,"1013294.0","0.08","0.8"
"104","FLH3","First-level hospital","Urgent","Mortality reduction; under-5",1,"Jaundice management with phototherapy",42.6234380267583,"2795.0","0.2734","0.8",49.032672581341,"5169.0","0.3755","0.8"
"105","FLH30","First-level hospital","Urgent","Mortality reduction: age 5+; group II-III causes",0,"Management of intoxication/poisoning syndromes using widely available agents; e.g., activated charcoal, naloxone, bicarbonate, antivenin",63.8786615225843,"515761.0","0.05","0.8",87.984424677618,"1375135.0","0.08","0.8"
"106","FLH31","First-level hospital","Urgent","Mortality reduction: age 5+; group II-III causes",1,"Appendectomy",215.553455931777,"2541498.0","0.01","0.8",276.084878898875,"1.0100939E7","0.03","0.8"
"107","FLH32","First-level hospital","Urgent","Mortality reduction; under-5",1,"Assisted vaginal delivery using vacuum extraction or forceps",21.5553455931777,"819767.0","0.01","0.8",27.6084878898875,"1743255.0","0.03","0.8"
"108","FLH33","First-level hospital","Urgent","Mortality reduction: age 5+; group II-III causes",0,"Burr hole to relieve acute elevated intracranial pressure",215.553455931777,"167097.0","0.01","0.8",276.084878898875,"620111.0","0.03","0.8"
"109","FLH34","First-level hospital","Urgent","Mortality reduction: age 5+; group II-III causes",1,"Colostomy",215.553455931777,"3314.0","0.01","0.8",276.084878898875,"14661.0","0.03","0.8"
"110","FLH35","First-level hospital","Urgent","Mortality reduction: age 5+; group II-III causes",0,"Escharotomy or fasciotomy",215.553455931777,"23391.0","0.01","0.8",276.084878898875,"54962.0","0.03","0.8"
"111","FLH36","First-level hospital","Urgent","Mortality reduction: age 5+; group II-III causes",1,"Fracture reduction and placement of external fixator and use of traction for fractures",107.776727965888,"1044362.0","0.01","0.8",138.042439449437,"3538161.0","0.03","0.8"
"112","FLH37","First-level hospital","Urgent","Reduction in disability",1,"Hernia repair including emergency surgery",215.553455931777,"215525.0","0.01","0.8",276.084878898875,"1094767.0","0.03","0.8"
"113","FLH38","First-level hospital","Urgent","Mortality reduction: age 5+; group I causes",1,"Hysterectomy for uterine rupture or intractable postpartum hemorrhage",215.553455931777,"30898.0","0.01","0.8",276.084878898875,"63915.0","0.03","0.8"
"114","FLH39","First-level hospital","Urgent","Mortality reduction: age 5+; group II-III causes",1,"Irrigation and debridement of open fractures",215.553455931777,"292369.0","0.01","0.8",276.084878898875,"990509.0","0.03","0.8"
"115","FLH4","First-level hospital","Urgent","Mortality reduction: age 5+; group I causes",1,"Management of eclampsia with magnesium sulfate, including initial stabilization at health centers",50.6755459956486,"1009192.0","0.39","0.8",63.3824619717438,"1714507.0","0.5","0.8"
"116","FLH40","First-level hospital","Urgent","Mortality reduction: age 5+; group II-III causes",1,"Management of osteomyelitis, including surgical debridement for refractory cases",215.553455931777,"55245.0","0.01","0.8",276.084878898875,"187141.0","0.03","0.8"
"117","FLH41","First-level hospital","Urgent","Mortality reduction: age 5+; group II-III causes",1,"Management of septic arthritis",107.776727965888,"110490.0","0.01","0.8",138.042439449437,"374283.0","0.03","0.8"
"118","FLH42","First-level hospital","Urgent","Mortality reduction: age 5+; group II-III causes",1,"Relief of urinary obstruction by catheterization or suprapubic cystostomy",21.5553455931777,"9224.0","0.01","0.8",27.6084878898875,"31194.0","0.03","0.8"
"119","FLH43","First-level hospital","Urgent","Mortality reduction: age 5+; group II-III causes",0,"Removal of gallbladder including emergency surgery",215.553455931777,"398589.0","0.01","0.8",276.084878898875,"1465926.0","0.03","0.8"
"120","FLH44","First-level hospital","Urgent","Mortality reduction: age 5+; group II-III causes",1,"Repair of perforations (for example, perforated peptic ulcer, typhoid ileal perforation)",215.553455931777,"107142.0","0.01","0.8",276.084878898875,"491930.0","0.03","0.8"
"121","FLH46","First-level hospital","Urgent","Non-health outcomes",0,"Basic skin grafting",215.553455931777,"86823.0","0.01","0.8",276.084878898875,"342929.0","0.03","0.8"
"122","FLH47","First-level hospital","Time-bound (non-urgent)","Reduction in disability",0,"Surgery for filarial hydrocele",107.776727965888,"245909.0","0.01","0.8",138.042439449437,"469103.0","0.03","0.8"
"123","FLH48","First-level hospital","Urgent","Mortality reduction: age 5+; group II-III causes",1,"Trauma laparotomy",215.553455931777,"439410.0","0.01","0.8",276.084878898875,"1509335.0","0.03","0.8"
"124","FLH49","First-level hospital","Urgent","Mortality reduction: age 5+; group II-III causes",1,"Trauma-related amputations",215.553455931777,"119309.0","0.01","0.8",276.084878898875,"409816.0","0.03","0.8"
"125","FLH50","First-level hospital","Urgent","Mortality reduction: age 5+; group I causes",1,"Tube thoracostomy",107.776727965888,"1159949.0","0.01","0.8",138.042439449437,"3984322.0","0.03","0.8"
"126","FLH51","First-level hospital","Chronic","Reduction in disability",0,"Assessment, provision and training in the use of assistive products, including assistive devices for hearing",6.58,"1.9775899E7","0.05","0.8",14.35,"5.8935023E7","0.08","0.8"
"127","FLH52","First-level hospital","Chronic","Reduction in disability",0,"Compression therapy for amputations, burns, and vascular or lymphatic disorders",6.58,"1.9775899E7","0.05","0.8",14.35,"5.8935023E7","0.08","0.8"
"128","FLH53","First-level hospital","Chronic","Mortality reduction: age 5+; group II-III causes",0,"Evaluation and acute management of swallowing dysfunction",6.58,"1.9775899E7","0.05","0.8",14.35,"5.8935023E7","0.08","0.8"
"129","FLH54","First-level hospital","Chronic","Reduction in disability",0,"Fabrication, fitting, and training in the use of prosthetics, orthotics, and splints",6.58,"1.9775899E7","0.05","0.8",14.35,"5.8935023E7","0.08","0.8"
"130","FLH55","First-level hospital","Chronic","Reduction in disability",0,"Initial assessment, and prescription, and provision of individualized interventions for musculoskeletal, cardiopulmonary, neurological, speech and communication, and cognitive deficits, including training in preparation for discharge",6.58,"1.9775899E7","0.05","0.8",14.35,"5.8935023E7","0.08","0.8"
"131","FLH552","First-level hospital","Urgent","Mortality reduction: age 5+; group I causes",1,"Management of maternal sepsis, including early detection at health centers",85.3685703805023,"2531608.0","0.39","0.8",91.798087322916,"5218470.0","0.5","0.8"
"132","FLH56","First-level hospital","Chronic","Reduction in disability",0,"Mobilization activities following acute injury or illness",6.58,"1.9775899E7","0.05","0.8",14.35,"5.8935023E7","0.08","0.8"
"133","FLH57","First-level hospital","Urgent","Non-health outcomes",1,"Prevention and relief of refractory suffering and of acute pain related to surgery, serious injury, or other serious, complex or life-limiting health problems",64.6326172120069,"7498607.0","0.05","0.8",21.3199264047686,"2.225786E7","0.08","0.8"
"134","FLH7","First-level hospital","Urgent","Mortality reduction; under-5",1,"Management of preterm labor with corticosteroids, including early detection at health centers",34.2062470769107,"2413827.0","0.39","0.8",36.9950754036674,"3156179.0","0.5","0.8"
"135","FLH8","First-level hospital","Urgent","Mortality reduction; under-5",1,"Management of labor and delivery in high risk women, including operative delivery (CEmNOC)",204.121251566488,"2422062.0","0.21","0.8",428.393684110782,"9772689.0","0.26","0.8"
"136","FLH9","First-level hospital","Urgent","Mortality reduction: age 5+; group I causes",1,"Surgery for ectopic pregnancy",35.4941787041765,"394798.0","0.39","0.8",38.5365368788203,"291672.0","0.5","0.8"
"137","HC1","Health center","Urgent","Mortality reduction; under-5",1,"Early detection and treatment of neonatal pneumonia with oral antibiotics",6.22392056286148,"4513161.0","0.5105","0.8",6.61112747589519,"1.1572202E7","0.6621","0.8"
"138","HC10","Health center","Chronic","Reduction in disability",0,"Screening and management of diabetes in pregnancy (gestational diabetes or preexisting type II diabetes)",3.78980220282527,"4.0367692E7","0.04","0.8",7.78069142920282,"8.5725346E7","0.31","0.8"
"139","HC11","Health center","Urgent","Mortality reduction; under-5",1,"Management of labor and delivery in low risk women (BEmNOC), including initial treatment of obstetric or delivery complications prior to transfer",69.1378432725201,"1.0620078E7","0.21","0.8",145.101086553652,"1.7844152E7","0.26","0.8"
"140","HC12","Health center","Urgent","Mortality reduction; under-5",1,"Detection and treatment of childhood infections with danger signs (IMCI)",4.79105549660094,"1.26352848E8","0.5105","0.8",10.2924195290009,"2.86345908E8","0.6621","0.8"
"141","HC13","Health center","Chronic","Mortality reduction: age 5+; group I causes",1,"Among all individuals who are known to be HIV positive, immediate ART initiation with regular monitoring of viral load for adherence and development of resistance",71.4518400310655,"1.183161E7","0.52","0.8",121.572361642969,"1.1139866E7","0.43","0.8"
"142","HC14","Health center","Chronic","Reduction in disability",0,"Psychological treatment for mood, anxiety, ADHD, and disruptive behavior disorders",42.6771758559898,"8500670.0","0.023","0.8",71.7694618982325,"2.0442146E7","0.023","0.8"
"143","HC15","Health center","Urgent","Non-health outcomes",0,"Management of complications following FGM",0.01933576796911,"3.6476132E7","0.39","0.8",0.0334177224426555,"8.650346E7","0.5","0.8"
"144","HC16","Health center","Time-bound (non-urgent)","Non-health outcomes",1,"Post gender-based violence care, including counseling, provision of emergency contraception, and rape-response referral (medical and judicial)",3.38966339105507,"1.7480699E7","0.75","0.8",5.12326523556118,"4.3387038E7","0.77","0.8"
"145","HC17","Health center","Urgent","Reduction in disability",1,"Syndromic management of common sexual and reproductive tract infections (for example uretheral discharge, genital ulcer, and others) according to WHO guidelines",5.67220550054808,"8.7441845E7","0.4","0.8",10.6878126504552,"1.98851878E8","0.5","0.8"
"146","HC18","First-level hospital","Time-bound (non-urgent)","Mortality reduction: age 5+; group II-III causes",0,"Opportunistic screening for cervical cancer using visual inspection or HPV DNA testing and treatment of precancerous lesions with cryotherapy",3.73947112708544,"2.1796298E7","0.1","0.8",4.99221972803444,"7.4093869E7","0.2","0.8"
"147","HC19.1","Health center","Chronic","Mortality reduction: age 5+; group I causes",0,"For individuals testing positive for hepatitis B and C, assessment of treatment eligibility by trained providers followed by initiation and monitoring of antiviral treatment when indicated",140.670156861193,"5606414.0","0.16","0.8",361.197728949366,"1.469551E7","0.03","0.8"
"148","HC19.2","Health center","Chronic","Mortality reduction: age 5+; group I causes",0,"For individuals testing positive for hepatitis B and C, assessment of treatment eligibility by trained providers followed by initiation and monitoring of antiviral treatment when indicated",421.87198435504,"1265754.0","0.16","0.8",682.519754664393,"3135188.0","0.03","0.8"
"149","HC2.1","Health center","Urgent","Non-health outcomes",1,"Management of miscarriage or incomplete abortion and post abortion care",8.98590367101928,"1.5094533E7","0.17","0.8",16.2194266678286,"4.0014121E7","0.3","0.8"
"150","HC2.2","Health center","Urgent","Non-health outcomes",1,"Management of miscarriage or incomplete abortion and post abortion care",0.102950584052788,"1.5094533E7","0.17","0.8",0.240527641912045,"4.0014121E7","0.3","0.8"
"151","HC20.1","Health center","Time-bound (non-urgent)","Mortality reduction: age 5+; group I causes",0,"Hepatitis B and C testing of individuals identified in the national testing policy (based on endemicity and risk level), with appropriate referral of positive individuals to trained providers",10.1872181534523,"3.981828E7","0.16","0.8",26.1576452564107,"1.0437152E8","0.03","0.8"
"152","HC20.2","Health center","Time-bound (non-urgent)","Mortality reduction: age 5+; group I causes",0,"Hepatitis B and C testing of individuals identified in the national testing policy (based on endemicity and risk level), with appropriate referral of positive individuals to trained providers",12.0420925101551,"4.1685832E7","0.16","0.8",22.0615770809603,"3.5706225E7","0.03","0.8"
"153","HC21.1","Health center","Urgent","Mortality reduction: age 5+; group I causes",0,"Partner notification and expedited treatment for common STIs, including HIV",0.260749838658957,"1.14666415E8","0.4","0.8",0.595898696876681,"2.72456E8","0.5","0.8"
"154","HC21.2","Health center","Urgent","Mortality reduction: age 5+; group I causes",0,"Partner notification and expedited treatment for common STIs, including HIV",2.61642803019359,"8.7441845E7","0.4","0.8",2.96122862331987,"1.98851878E8","0.5","0.8"
"155","HC22","Health center","Chronic","Mortality reduction: age 5+; group I causes",0,"PrEP for discordant couples and others at high risk of infection such as commercial sex workers (in high prevalence settings)",81.6469261900834,"6147313.0","0.52","0.8",106.162037033984,"1.3438938E7","0.43","0.8"
"156","HC23","Health center","Time-bound (non-urgent)","Mortality reduction: age 5+; group I causes",1,"Provider-initiated testing and counseling for HIV, STIs, and hepatitis, for all in contact with health system in high-prevalence settings, including prenatal care with appropriate referral or linkage to care including immediate ART initiation for those testing positive for HIV",4.3135283274496,"6.9438238E7","0.16","0.8",6.08010428747581,"2.2774237E8","0.03","0.8"
"157","HC24","Health center","Time-bound (non-urgent)","Mortality reduction: age 5+; group I causes",0,"As resources permit, hepatitis B vaccination of high-risk populations, including healthcare workers, PWID, MSM, household contacts, and persons with multiple sex partners",0.672837997701128,"896507.0","0.4","0.8",0.672837997701128,"8015163.0","0.5","0.8"
"158","HC25","Health center","Time-bound (non-urgent)","Mortality reduction: age 5+; group I causes",1,"Provision of voluntary medical male circumcision service in settings with high prevalence of HIV",34.0122955905438,"1495654.0","0.0","0.8",76.8301210970075,"294071.0","0.0","0.8"
"159","HC26","Health center","Chronic","Mortality reduction: age 5+; group I causes",0,"Symptomatic screening and chest radiograph for PLHIV and children under five who are close contacts or household members of individuals with active TB; if no active TB, provision of isoniazid preventive therapy according to current WHO guidelines",80.6386629277991,"1215596.0","0.56","0.8",203.603844376522,"1119384.0","0.25","0.8"
"160","HC27.1","Health center","Chronic","Mortality reduction: age 5+; group I causes",1,"Diagnosis of TB, including assessment of rifampicin resistance using rapid molecular diagnostics (UltraXpert), and initiation of first-line treatment per current WHO guidelines for drug-susceptible TB; referral for confirmation, further assessment of drug resistance, and treatment of drug-resistant TB",84.424962853701,"946577.0","0.56","0.8",109.774200344065,"3677024.0","0.54","0.8"
"161","HC27.2","Health center","Chronic","Mortality reduction: age 5+; group I causes",1,"Diagnosis of TB, including assessment of rifampicin resistance using rapid molecular diagnostics (UltraXpert), and initiation of first-line treatment per current WHO guidelines for drug-susceptible TB; referral for confirmation, further assessment of drug resistance, and treatment of drug-resistant TB",185.74675708244,"236644.0","0.56","0.8",241.518634252314,"919256.0","0.54","0.8"
"162","HC28","Health center","Chronic","Mortality reduction: age 5+; group I causes",1,"Screening for HIV in all individuals with a diagnosis of active TB; if HIV infection is present, start (or refer for) ARV treatment and HIV care",2.14993311008155,"1207369.0","0.62","0.8",2.47445131537688,"4690082.0","0.51","0.8"
"163","HC29","Health center","Time-bound (non-urgent)","Mortality reduction: age 5+; group I causes",0,"Screening for latent TB infection following a new diagnosis of HIV, followed by yearly screening among PLHIV at high risk of TB exposure; initiation of isoniazid preventive therapy among all individuals who screen positive but do not have evidence of active TB",14.3544401001662,"1131408.0","0.52","0.8",36.2433984165033,"1218366.0","0.43","0.8"
"164","HC3","Health center","Urgent","Mortality reduction; under-5",1,"Management of preterm premature rupture of membranes, including administration of antibotics",4.03619517836065,"4194981.0","0.39","0.8",4.66494920112035,"7677775.0","0.5","0.8"
"165","HC30.1","Health center","Urgent","Mortality reduction: age 5+; group I causes",1,"Evaluation and management of fever in clinically stable individuals using WHO IMAI guidelines, with referral of unstable individuals to first-level hospital care",0.686186532087323,"2.0867697E7","0.19","0.8",1.48443321008394,"5.7472103E7","0.49","0.8"
"166","HC30.2","Health center","Urgent","Mortality reduction: age 5+; group I causes",1,"Evaluation and management of fever in clinically stable individuals using WHO IMAI guidelines, with referral of unstable individuals to first-level hospital care",5.33186706080575,"2.0867697E7","0.19","0.8",11.2178394814751,"5.7472103E7","0.49","0.8"
"167","HC30.3","Health center","Urgent","Mortality reduction: age 5+; group I causes",1,"Evaluation and management of fever in clinically stable individuals using WHO IMAI guidelines, with referral of unstable individuals to first-level hospital care",3.32649201842169,"2.0867697E7","0.19","0.8",7.79311740423476,"5.7472103E7","0.49","0.8"
"168","HC32","Health center","Time-bound (non-urgent)","Mortality reduction; under-5",0,"Provision of insecticide-treated nets to children and pregnant women attending health centers",6.54432638027244,"4.0367692E7","0.55","0.8",14.5661096950041,"7.6272105E7","0.5","0.8"
"169","HC33","Health center","Time-bound (non-urgent)","Mortality reduction: age 5+; group I causes",0,"Identify and refer to higher levels of health care patients with signs of progressive illness",0.0903812235717933,"8.96507438E8","0.05","0.8",0.0903812235717933,"2.67172103E9","0.08","0.8"
"170","HC34","Health center","Time-bound (non-urgent)","Mortality reduction: age 5+; group I causes",0,"Stockpile and consider treating early high risk patients with anti viral medications according to nationally endorsed guidelines",0.0903812235717933,"8.96507438E8","0.05","0.8",0.0903812235717933,"2.67172103E9","0.08","0.8"
"171","HC35","Health center","Time-bound (non-urgent)","Mortality reduction: age 5+; group II-III causes",0,"Annual flu vaccination and pneumococcal vaccine every five years for individuals with underlying lung disease",4.73999305843183,"6.8390203E7","0.05","0.8",4.9408402219247,"1.79642446E8","0.08","0.8"
"172","HC36.1","Health center","Chronic","Mortality reduction: age 5+; group II-III causes",0,"Long-term combination therapy for persons with multiple CVD risk factors, including screening for CVD in community settings using non-lab-based tools to assess overall CVD risk",56.7240698074128,"3.3180433E7","0.04","0.8",103.960684224557,"1.35495214E8","0.31","0.8"
"173","HC36.2","Health center","Chronic","Mortality reduction: age 5+; group II-III causes",0,"Long-term combination therapy for persons with multiple CVD risk factors, including screening for CVD in community settings using non-lab-based tools to assess overall CVD risk",0.39595285446973,"2.75983886E8","0.04","0.8",0.527042282546869,"1.036800577E9","0.31","0.8"
"174","HC37","Health center","Chronic","Mortality reduction: age 5+; group II-III causes",0,"Low-dose inhaled corticosteroids and bronchodilators for asthma and for selected patients with COPD",51.467085645049,"6.1043754E7","0.05","0.8",52.9935240875948,"1.46016745E8","0.08","0.8"
"175","HC38","Health center","Urgent","Mortality reduction: age 5+; group II-III causes",1,"Provision of aspirin for all cases of suspected acute myocardial infarction",0.0301270745239311,"876135.0","0.04","0.8",0.0502117908732185,"3544082.0","0.31","0.8"
"176","HC39","Health center","Chronic","Mortality reduction: age 5+; group II-III causes",0,"Screening and management of albuminuric kidney disease with ACEi or ARBs, including targeted screening among people with diabetes",38.408826640765,"1.1310146E7","0.04","0.8",88.2556616075967,"4.9606724E7","0.31","0.8"
"177","HC4","Health center","Time-bound (non-urgent)","Non-health outcomes",1,"Provision of condoms and hormonal contraceptives, including emergency contraceptives",4.96918501858472,"1.04114139E8","0.52","0.8",10.3237354059576,"3.48057453E8","0.65","0.8"
"178","HC40","Health center","Chronic","Mortality reduction: age 5+; group II-III causes",1,"Screening and management of diabetes among at-risk adults, including glycemic control, management of blood pressure and lipids, and consistent foot care",64.1592629669071,"2.3798344E7","0.04","0.8",92.5164383486377,"1.17674974E8","0.31","0.8"
"179","HC41","Health center","Chronic","Mortality reduction: age 5+; group II-III causes",1,"Secondary prophylaxis with penicillin for rheumatic fever or established rheumatic heart disease",0.16777156690126,"3.17520123E8","0.04","0.8",0.240076666219531,"7.89508533E8","0.31","0.8"
"180","HC42","Health center","Urgent","Mortality reduction: age 5+; group II-III causes",1,"Treatment of acute pharyngitis in children to prevent rheumatic fever",0.16777156690126,"3.17520123E8","0.04","0.8",0.240076666219531,"7.89508533E8","0.31","0.8"
"181","HC43","Health center","Chronic","Mortality reduction: age 5+; group II-III causes",1,"Long term management of ischemic heart disease, stroke, and peripheral vascular disease with aspirin, beta blockers, ACEi, and statins (as indicated) to reduce risk of further events",83.9725645185916,"1.9381239E7","0.04","0.8",190.171983337603,"8.3655185E7","0.31","0.8"
"182","HC44","Health center","Chronic","Mortality reduction: age 5+; group II-III causes",1,"Medical management of heart failure with diuretics, beta-blockers, ACEi, and mineralocorticoid antagonists",249.96259717541,"1254950.0","0.04","0.8",342.48218292599,"7812285.0","0.31","0.8"
"183","HC45","Health center","Time-bound (non-urgent)","Mortality reduction: age 5+; group II-III causes",0,"Opportunistic screening for hypertension for all adults and initiation of treatment among individuals with severe hypertension and/or multiple risk factors",1.85783626230909,"1.37991943E8","0.04","0.8",2.88215679612274,"7.25760404E8","0.31","0.8"
"184","HC46","Health center","Chronic","Mortality reduction: age 5+; group II-III causes",0,"Tobacco cessation counseling, and use of nicotine replacement therapy in certain circumstances",1.40817983417975,"3.2464182E7","0.04","0.8",2.97631878067317,"1.66821469E8","0.31","0.8"
"185","HC47","Health center","Chronic","Non-health outcomes",1,"Essential palliative care and pain control measures, including oral immediate release morphine and medicines for associated symptoms",64.6326172120069,"7498607.0","0.05","0.8",21.3199264047686,"2.225786E7","0.08","0.8"
"186","HC48","Health center","Chronic","Non-health outcomes",0,"Interventions to support caregivers of patients with dementia",16.1725302411383,"1700448.0","0.05","0.8",34.2269610141755,"9321387.0","0.08","0.8"
"187","HC49","Health center","Chronic","Reduction in disability",1,"Management of bipolar disorder using generic mood-stabilizing medications and psychosocial treatment",184.569151903148,"4719014.0","0.037","0.8",365.390142922602,"1.5315702E7","0.037","0.8"
"188","HC5","Health center","Time-bound (non-urgent)","Mortality reduction; under-5",1,"Counseling of mothers on providing kangaroo care for newborns",2.32632075113696,"2413827.0","0.2734","0.8",4.61013857412339,"3156179.0","0.3755","0.8"
"189","HC50.1","Health center","Chronic","Reduction in disability",1,"Management of depression and anxiety disorders with psycological and generic antidepressant therapy",19.8453684567357,"2.5830863E7","0.037","0.8",59.2636993471968,"7.7900834E7","0.037","0.8"
"190","HC50.2","Health center","Chronic","Reduction in disability",1,"Management of depression and anxiety disorders with psycological and generic antidepressant therapy",12.3792711004395,"2.9060345E7","0.023","0.8",36.7861039555669,"8.1729727E7","0.023","0.8"
"191","HC51","Health center","Chronic","Mortality reduction: age 5+; group II-III causes",1,"Management of epilepsy, including acute stabilization and long-term management with generic anti-epileptics",27.5282234782146,"3184811.0","0.3","0.8",53.7293951537444,"8931506.0","0.5","0.8"
"192","HC52","Health center","Chronic","Reduction in disability",1,"Management of schizophrenia using generic anti-psychotic medications and psychosocial treatment",99.4315578563509,"1720037.0","0.023","0.8",329.335222664575,"6755310.0","0.023","0.8"
"193","HC53","Health center","Time-bound (non-urgent)","Reduction in disability",0,"Screening and brief intervention for alcohol use disorders",4.347195396166,"5441547.0","0.01","0.8",22.6288747773278,"1.904176E7","0.01","0.8"
"194","HC54","Health center","Chronic","Reduction in disability",0,"Exercise programs for upper extremity injuries and disorders",6.58,"1.9775899E7","0.05","0.8",14.35,"5.8935023E7","0.08","0.8"
"195","HC55","Health center","Chronic","Reduction in disability",0,"Calcium and vitamin D supplementation for primary prevention of osteoporosis in high-risk individuals",7.76274286899958,"2.7467331E7","0.05","0.8",8.26486077773177,"1.17291195E8","0.08","0.8"
"196","HC56","Health center","Time-bound (non-urgent)","Reduction in disability",0,"Targeted screening for congenital hearing loss in high-risk children using otoacoustic emissions testing",10.1015423782692,"77161.0","0.05","0.8",14.1995735082435,"154374.0","0.08","0.8"
"197","HC57","Health center","Time-bound (non-urgent)","Reduction in disability",0,"Dental extraction",21.5553455931777,"5.4310093E7","0.01","0.8",27.6084878898875,"1.61851883E8","0.03","0.8"
"198","HC58","Health center","Time-bound (non-urgent)","Mortality reduction: age 5+; group II-III causes",0,"Drainage of dental abscess",21.5553455931777,"256999.0","0.01","0.8",27.6084878898875,"765893.0","0.03","0.8"
"199","HC59","Health center","Urgent","Mortality reduction: age 5+; group II-III causes",1,"Drainage of superficial abscess",10.7776727965888,"5.1248296E7","0.01","0.8",13.8042439449437,"8.1299466E7","0.03","0.8"
"200","HC6","Health center","Urgent","Mortality reduction; under-5",1,"Management of neonatal sepsis, pneumonia, and meningitis using injectable and oral antibiotics",2.6569928058555,"346014.0","0.5105","0.8",3.50885309475574,"928816.0","0.6612","0.8"
"201","HC60","Health center","Urgent","Reduction in disability",0,"Management of non-displaced fractures",21.5553455931777,"1044362.0","0.01","0.8",27.6084878898875,"3538161.0","0.03","0.8"
"202","HC62","Health center","Urgent","Reduction in disability",0,"Suturing laceration",2.15553455931777,"1.9290506E7","0.01","0.8",2.76084878898875,"6.62612E7","0.03","0.8"
"203","HC63","Health center","Time-bound (non-urgent)","Reduction in disability",0,"Treatment of caries",21.5553455931777,"1.3298621E7","0.01","0.8",27.6084878898875,"3.6241724E7","0.03","0.8"
"204","HC64","Health center","Chronic","Reduction in disability",0,"Basic management of musculoskeletal and neurological injuries and disorders, such as prescription of simple exercises and sling or cast provision",6.58,"1.9775899E7","0.05","0.8",14.35,"5.8935023E7","0.08","0.8"
"205","HC65","Health center","Chronic","Reduction in disability",0,"Review of prosthetics, orthotics, and splints, with referral to hospital if indicated",6.58,"1.9775899E7","0.05","0.8",14.35,"5.8935023E7","0.08","0.8"
"206","HC66","Health center","Time-bound (non-urgent)","Non-health outcomes",1,"Psychosocial support and counseling services for individuals with serious, complex, or life-limiting health problems and their caregivers",64.6326172120069,"7498607.0","0.05","0.8",21.3199264047686,"2.225786E7","0.08","0.8"
"207","HC67","Health center","Chronic","Non-health outcomes",0,"Expanded palliative care and pain control measures, including prevention and relief of all physical and psychological symptoms of suffering",64.6326172120069,"7498607.0","0.05","0.8",21.3199264047686,"2.225786E7","0.08","0.8"
"208","HC7","Health center","Time-bound (non-urgent)","Non-health outcomes",1,"Pharmacological termination of pregnancy",4.80692591593705,"1.5870513E7","0.07","0.8",5.51680949002058,"3.0624506E7","0.16","0.8"
"209","HC8","Health center","Chronic","Mortality reduction; under-5",1,"PMTCT of HIV (Option B+) and syphilis",176.351909703989,"1146798.0","0.6","0.8",313.511587028789,"1043792.0","0.41","0.8"
"210","HC9","Health center","Chronic","Mortality reduction: age 5+; group II-III causes",0,"Screening and management of hypertensive disorders in pregnancy",1.37920237250515,"4965226.0","0.39","0.8",1.80513251695526,"9944140.0","0.5","0.8"
"211","P1","Population based","Time-bound (non-urgent)","Reduction in disability",0,"Mass media messages concerning sexual and reproductive health and mental health for adolescents",1.45614193532334,"2.00985058E8","0.33","0.8",1.53648080072049,"5.14424968E8","0.33","0.8"
"212","P10","Population based","Time-bound (non-urgent)","Mortality reduction: age 5+; group I causes",0,"Develop and implement a plan to ensure surge capacity in hospital beds, stockpiles of disinfectants, equipment for supportive care, and personal protective equipment",0.0903812235717933,"8.96507438E8","0.05","0.8",0.0903812235717933,"2.67172103E9","0.08","0.8"
"213","P11","Population based","Time-bound (non-urgent)","Mortality reduction: age 5+; group I causes",0,"Develop plans and legal standards for curtailing interactions between infected persons and uninfected population and implement and evaluate infection control measures in health facilities",0.0903812235717933,"8.96507438E8","0.05","0.8",0.0903812235717933,"2.67172103E9","0.08","0.8"
"214","P12","Population based","Time-bound (non-urgent)","Mortality reduction: age 5+; group I causes",0,"Ensure influenza vaccine security at national and subnational level",0.0903812235717933,"8.96507438E8","0.05","0.8",0.0903812235717933,"2.67172103E9","0.08","0.8"
"215","P13.1","Population based","Time-bound (non-urgent)","Mortality reduction; under-5",0,"Mass media messages concerning awareness on handwashing and health effects of household air pollution",0.349280322080002,"1.79301488E8","0.46","0.8",0.750892821563716,"5.34344206E8","0.62","0.8"
"216","P13.2","Population based","Time-bound (non-urgent)","Mortality reduction; under-5",0,"Mass media messages concerning awareness on handwashing and health effects of household air pollution",0.0234741067899821,"8.96507438E8","0.05","0.8",0.0358608291438927,"2.671721029E9","0.08","0.8"
"217","P2","Population based","Time-bound (non-urgent)","Mortality reduction: age 5+; group II-III causes",1,"Mass media messages concerning healthy eating or physical activity",0.0234741067899821,"8.96507438E8","0.04","0.8",0.0358608291438927,"2.671721029E9","0.31","0.8"
"218","P3","Population based","Time-bound (non-urgent)","Mortality reduction: age 5+; group II-III causes",0,"Mass media messages concerning use of tobacco and alcohol",0.0234741067899821,"8.96507438E8","0.04","0.8",0.0358608291438927,"2.671721029E9","0.31","0.8"
"219","P4","Population based","Time-bound (non-urgent)","Mortality reduction: age 5+; group I causes",0,"Mass media encouraging use of condoms, voluntary medical male circumcision, and STI testing",0.215483680702376,"2.20775366E8","0.4","0.8",0.503443298226404,"9.80089888E8","0.5","0.8"
"220","P5","Population based","Time-bound (non-urgent)","Mortality reduction: age 5+; group I causes",1,"Systematic identification of individuals with TB symptoms among high-risk groups and linkage to care (gactive case findingh)",403.591348438886,"723002.0","0.56","0.8",954.572645249717,"900586.0","0.54","0.8"
"221","P6.1","Population based","Time-bound (non-urgent)","Mortality reduction; under-5",1,"Sustained vector management for Chagas disease, visceral leishmaniasis, dengue, and other nationally important causes of nonmalarial fever",0.449658383893207,"0.0","0.4","0.8",0.489221262445189,"1.0766601E7","0.5","0.8"
"222","P6.2","Population based","Time-bound (non-urgent)","Mortality reduction; under-5",1,"Sustained vector management for Chagas disease, visceral leishmaniasis, dengue, and other nationally important causes of nonmalarial fever",0.449658383893207,"2.4129903E7","0.4","0.8",0.489221262445189,"1.85828343E8","0.5","0.8"
"223","P6.3","Population based","Time-bound (non-urgent)","Mortality reduction; under-5",1,"Sustained vector management for Chagas disease, visceral leishmaniasis, dengue, and other nationally important causes of nonmalarial fever",0.449658383893207,"0.0","0.4","0.8",0.489221262445189,"4.0388877E7","0.5","0.8"
"224","P7","Population based","Time-bound (non-urgent)","Mortality reduction: age 5+; group I causes",0,"Conduct a comprehensive assessment of International Health Regulations (IHR) competencies using the Joint External Evaluation tool and develop, cost, finance and implement an action plan to address gaps in preparedness and response",0.0903812235717933,"8.96507438E8","0.05","0.8",0.0903812235717933,"2.67172103E9","0.08","0.8"
"225","P8","Population based","Time-bound (non-urgent)","Mortality reduction: age 5+; group I causes",0,"Conduct simulation exercises and health worker training for outbreak events including outbreak investigation, contact tracing and emergency response",0.0903812235717933,"8.96507438E8","0.05","0.8",0.0903812235717933,"2.67172103E9","0.08","0.8"
"226","P9","Population based","Time-bound (non-urgent)","Mortality reduction: age 5+; group I causes",0,"Decentralize stocks of anti viral medications in order to reach at-risk groups and disadvantaged populations",0.0903812235717933,"8.96507438E8","0.05","0.8",0.0903812235717933,"2.67172103E9","0.08","0.8"
"227","RH11","Referral and speacialty hospitals","Urgent","Reduction in disability",1,"Urgent, definitive surgical management of orthopedic injuries (for example, by open reduction and internal fixation)",215.553455931777,"104436.0","0.01","0.8",276.084878898875,"353816.0","0.03","0.8"
"228","RH12","Referral and speacialty hospitals","Time-bound (non-urgent)","Reduction in disability",1,"Repair of cleft lip and cleft palate",107.776727965888,"14883.0","0.01","0.8",138.042439449437,"35537.0","0.03","0.8"
"229","RH13","Referral and speacialty hospitals","Time-bound (non-urgent)","Reduction in disability",0,"Repair of club foot",215.553455931777,"45120.0","0.01","0.8",276.084878898875,"84779.0","0.03","0.8"
"230","RH14","Referral and speacialty hospitals","Time-bound (non-urgent)","Reduction in disability",1,"Cataract extraction and insertion of intraocular lens",107.776727965888,"1304425.0","0.01","0.8",138.042439449437,"7258402.0","0.03","0.8"
"231","RH142","Referral and speacialty hospitals","Time-bound (non-urgent)","Reduction in disability",1,"Elective surgical repair of common orthopedic injuries (for example, meniscal and ligamentous tears) in individuals with severe functional limitation",111.116427082197,"6034082.0","0.01","0.8",219.968452483756,"2.8278256E7","0.03","0.8"
"232","RH15","Referral and speacialty hospitals","Time-bound (non-urgent)","Mortality reduction; under-5",0,"Repair of anorectal malformations and Hirschsprung's Disease",107.776727965888,"5440.0","0.01","0.8",138.042439449437,"12034.0","0.03","0.8"
"233","RH16","Referral and speacialty hospitals","Time-bound (non-urgent)","Non-health outcomes",1,"Repair of obstetric fistula",107.776727965888,"67442.0","0.01","0.8",138.042439449437,"91635.0","0.03","0.8"
"234","RH17","Referral and speacialty hospitals","Time-bound (non-urgent)","Mortality reduction; under-5",0,"Insertion of shunt for hydrocephalus",215.553455931777,"69214.0","0.01","0.8",276.084878898875,"143176.0","0.03","0.8"
"235","RH18","Referral and speacialty hospitals","Time-bound (non-urgent)","Reduction in disability",1,"Surgery for trachomatous trichiasis",107.776727965888,"1410198.0","0.01","0.8",138.042439449437,"456708.0","0.03","0.8"
"236","RH2","Referral and speacialty hospitals","Urgent","Mortality reduction: age 5+; group I causes",0,"Specialized TB services, including management of MDR- and XDR-TB treatment failure and surgery for TB",2265.44093161101,"531.0","0.56","0.8",2945.65680917455,"2064.0","0.54","0.8"
"237","RH4","Referral and speacialty hospitals","Urgent","Mortality reduction: age 5+; group II-III causes",0,"Management of acute ventilatory failure due to acute exacerbations of asthma and COPD; in COPD use of bilevel positive airway pressure preferred",225.888833691739,"1556360.0","0.05","0.8",239.00925890227,"3672661.0","0.08","0.8"
"238","RH5","Referral and speacialty hospitals","Time-bound (non-urgent)","Reduction in disability",0,"Retinopathy screening via telemedicine, followed by treatment using laser photocoagulation",9.31258462795054,"1.4873965E7","0.04","0.8",12.1679786135018,"7.3546859E7","0.31","0.8"
"239","RH7","Referral and speacialty hospitals","Chronic","Mortality reduction: age 5+; group II-III causes",1,"Treatment of early stage breast cancer with appropriate multimodal approaches (including generic chemotherapy), with curative intent, for cases that are detected by clinical examination at health centers and first-level hospitals",154.375524632275,"529955.0","0.05","0.8",311.168730839478,"1586023.0","0.08","0.8"
"240","RH8","Referral and speacialty hospitals","Chronic","Mortality reduction: age 5+; group II-III causes",1,"Treatment of early stage colorectal cancer with appropriate multimodal approaches (including generic chemotherapy), with curative intent, for cases that are detected by clinical examination at health centers and first-level hospitals",874.007437088679,"87234.0","0.05","0.8",1091.06505055781,"347475.0","0.08","0.8"
"241","RH9.1","Referral and speacialty hospitals","Chronic","Mortality reduction; under-5",1,"Treatment of early-stage childhood cancers (such as Burkitt and Hodgkin lymphoma, acute lymphoblastic leukemia, retinoblastoma, and Wilms tumor) with curative intent in pediatric cancer units or hospitals",24.1432289112496,"45325.0","0.05","0.8",32.317123047589,"87922.0","0.08","0.8"
"242","RH9.2","Referral and speacialty hospitals","Chronic","Mortality reduction; under-5",1,"Treatment of early-stage childhood cancers (such as Burkitt and Hodgkin lymphoma, acute lymphoblastic leukemia, retinoblastoma, and Wilms tumor) with curative intent in pediatric cancer units or hospitals",3182.37499143983,"69104.0","0.05","0.8",7360.91213317351,"149067.0","0.08","0.8"
