"","Code","Intervention","HPP","Include","Platform","Urgency","Objective","PIN","Coverage","adjusted_uc"
"1","C1","Antenatal and postpartum education on family planning",0,FALSE,"Community","Time-bound (non-urgent)","Non-health outcomes","40367692","0.39",0.215422254339576
"2","C10","Education on handwashing and safe disposal of children's stools",1,TRUE,"Community","Time-bound (non-urgent)","Mortality reduction; under-5","28199878","0.3822",2.72694363987745
"3","C11","Pneumococcus vaccination",1,TRUE,"Community","Time-bound (non-urgent)","Mortality reduction; under-5","28199878","0.70706",10.648253611253
"4","C12","Rotavirus vaccination",1,TRUE,"Community","Time-bound (non-urgent)","Mortality reduction; under-5","28199878","0.58822",10.648253611253
"5","C13","Provision of cotrimoxazole to children born to HIV-positive mothers",1,TRUE,"Health center","Time-bound (non-urgent)","Mortality reduction; under-5","416192","0.7489",6.55097900552134
"6","C14.1","Provision of vitamin A and zinc supplementation to children according to WHO guidelines, and provision of food supplementation to women and children in food insecure households",1,TRUE,"Community","Time-bound (non-urgent)","Mortality reduction; under-5","128473703","0.84",0.000753286755275412
"7","C14.2","Provision of vitamin A and zinc supplementation to children according to WHO guidelines, and provision of food supplementation to women and children in food insecure households",1,TRUE,"Community","Time-bound (non-urgent)","Mortality reduction; under-5","27750319.85","0.0",3.50067143200659
"8","C15","Mass social marketing of insecticide treated nets",0,FALSE,"Community","Time-bound (non-urgent)","Mortality reduction; under-5","862847277.1","0.19",0.335142357945057
"9","C16.1","Childhood vaccination series (diptheria, pertussis, tetanus, polio, BCG, measles, hepatitis B, Hib, rubella)",1,TRUE,"Community","Time-bound (non-urgent)","Mortality reduction; under-5","28199878","0.83",0.10141193915479
"10","C16.2","Childhood vaccination series (diptheria, pertussis, tetanus, polio, BCG, measles, hepatitis B, Hib, rubella)",1,TRUE,"Community","Time-bound (non-urgent)","Mortality reduction; under-5","28199878","0.8",0.294094623548891
"11","C16.3","Childhood vaccination series (diptheria, pertussis, tetanus, polio, BCG, measles, hepatitis B, Hib, rubella)",1,TRUE,"Community","Time-bound (non-urgent)","Mortality reduction; under-5","27014418","0.59",0.365082980957245
"12","C16.4","Childhood vaccination series (diptheria, pertussis, tetanus, polio, BCG, measles, hepatitis B, Hib, rubella)",1,TRUE,"Community","Time-bound (non-urgent)","Mortality reduction; under-5","28199878","0.8",6.1861282884422
"13","C16.5","Childhood vaccination series (diptheria, pertussis, tetanus, polio, BCG, measles, hepatitis B, Hib, rubella)",1,TRUE,"Community","Time-bound (non-urgent)","Mortality reduction; under-5","28199878","0.78",0.344800593126287
"14","C16.6","Childhood vaccination series (diptheria, pertussis, tetanus, polio, BCG, measles, hepatitis B, Hib, rubella)",1,TRUE,"Community","Time-bound (non-urgent)","Mortality reduction; under-5","28199878","0.71",0.10141193915479
"15","C16.7","Childhood vaccination series (diptheria, pertussis, tetanus, polio, BCG, measles, hepatitis B, Hib, rubella)",1,TRUE,"Community","Time-bound (non-urgent)","Mortality reduction; under-5","25364821","0.8",0.760589543660926
"16","C16.8","Childhood vaccination series (diptheria, pertussis, tetanus, polio, BCG, measles, hepatitis B, Hib, rubella)",1,TRUE,"Community","Time-bound (non-urgent)","Mortality reduction; under-5","23307013","0.8",0.273812235717933
"17","C17","In high malaria transmission settings, indoor residual spraying (IRS) in selected areas with high transmission and entomologic data on IRS suspectibility",1,TRUE,"Community","Time-bound (non-urgent)","Mortality reduction; under-5","862847277.1","0.59",0.560722800187662
"18","C18","Education of schoolchildren on oral health",0,FALSE,"Community","Time-bound (non-urgent)","Reduction in disability","1.25725951E8","0.33",0.632668565002553
"19","C19","Vision prescreening by teachers; vision tests and provision of ready-made glasses on-site by eye specialists",0,FALSE,"Community","Time-bound (non-urgent)","Reduction in disability","1.25725951E8","0.33",0.753176863098278
"20","C2","Counseling of mothers on providing thermal care for preterm newborns (delayed bath and skin-to-skin contact)",1,TRUE,"Community","Time-bound (non-urgent)","Mortality reduction; under-5","2413827.0","0.2734",0.102950584052788
"21","C20","School-based education on sexual health, nutrition, and healthy lifestyle",1,TRUE,"Community","Time-bound (non-urgent)","Reduction in disability","6.3237939E7","0.33",3.77592667366603
"22","C21.1","Mass drug administration for lymphatic filariasis, onchocerciasis, schistosomiasis, soil-transmitted helminthiases and trachoma, and foodborne trematode infections",1,TRUE,"Community","Time-bound (non-urgent)","Reduction in disability","277383324","0.77",0.272381459044994
"23","C21.2","Mass drug administration for lymphatic filariasis, onchocerciasis, schistosomiasis, soil-transmitted helminthiases and trachoma, and foodborne trematode infections",1,TRUE,"Community","Time-bound (non-urgent)","Reduction in disability","95031139","0.78",0.221243921090372
"24","C21.3","Mass drug administration for lymphatic filariasis, onchocerciasis, schistosomiasis, soil-transmitted helminthiases and trachoma, and foodborne trematode infections",1,TRUE,"Community","Time-bound (non-urgent)","Reduction in disability","132632285","0.52",0.335296962071955
"25","C21.4","Mass drug administration for lymphatic filariasis, onchocerciasis, schistosomiasis, soil-transmitted helminthiases and trachoma, and foodborne trematode infections",1,TRUE,"Community","Time-bound (non-urgent)","Reduction in disability","293848855","0.0",1.08180717951518
"26","C21.5","Mass drug administration for lymphatic filariasis, onchocerciasis, schistosomiasis, soil-transmitted helminthiases and trachoma, and foodborne trematode infections",1,TRUE,"Community","Time-bound (non-urgent)","Reduction in disability","141276903","0.75",0.42219126151974
"27","C22","School based HPV vaccination for girls",0,FALSE,"Community","Time-bound (non-urgent)","Mortality reduction: age 5+; group II-III causes","8429081","0.0",9.17871537162435
"28","C23","Adolescent-friendly health services including: provision of condoms to prevent STIs; provision of reversible contraception; treatment of injury in general and abuse in particular; and screening and treatment for STIs",0,FALSE,"Community","Time-bound (non-urgent)","Reduction in disability","1.00492529E8","0.3333333333",5.24211096716401
"29","C24","Life skills training in schools to build social and emotional competencies",0,FALSE,"Community","Time-bound (non-urgent)","Non-health outcomes","6.3237939E7","0.3333333333",3.77592667366603
"30","C25","Education campaigns for the prevention of gender-based violence",0,FALSE,"Community","Time-bound (non-urgent)","Reduction in disability","4.4339054E7","0.39",0.188578933795979
"31","C26","In countries where it is a public health concern, prevention of FGM (may be for daughters of women of reproductive age)",0,FALSE,"Community","Time-bound (non-urgent)","Reduction in disability","5.8896276E7","0.39",0.188578933795979
"32","C27.1","Provision of iron and folic acid supplementation to pregnant women, and provision of food or caloric supplementation to pregnant women in food insecure households",1,TRUE,"Community","Time-bound (non-urgent)","Mortality reduction; under-5","40367692","0.39",2.45452707194502
"33","C27.2","Provision of iron and folic acid supplementation to pregnant women, and provision of food or caloric supplementation to pregnant women in food insecure households",1,TRUE,"Community","Time-bound (non-urgent)","Mortality reduction; under-5","7485051.887","0.39",0.340498580135647
"34","C28","Community-based HIV testing and counseling (for example, mobile units and venue-based testing), with appropriate referral or linkage to care and immediate initiation of lifelong ART",1,TRUE,"Community","Time-bound (non-urgent)","Mortality reduction: age 5+; group I causes","30736563","0.16",21.7256765570643
"35","C29","Household HIV testing and counseling in high-prevalence settings, with appropriate referral or linkage to care and immediate initiation of lifelong ART",0,FALSE,"Community","Time-bound (non-urgent)","Mortality reduction: age 5+; group I causes","30736563","0.16",6.13283620525868
"36","C3","Management of labour and delivery in low risk women by skilled attendants",1,TRUE,"Community","Urgent","Mortality reduction; under-5","27325553","0.5",6.58455650214477
"37","C30","Provision of condoms to key populations, including sex workers, men who have sex with men, people who inject drugs, transgender populations, and prisoners",1,TRUE,"Community","Time-bound (non-urgent)","Mortality reduction: age 5+; group I causes","8261988.134","0.0",1.83579082215955
"38","C31","Provision of harm reduction services such as safe injection equipment and opioid substitution therapy to people who inject drugs",1,TRUE,"Health center","Chronic","Mortality reduction: age 5+; group II-III causes","2771859","0.01",6.66812582796342
"39","C32","Routine contact tracing to identify individuals exposed to TB and link them to care",0,FALSE,"Community","Chronic","Mortality reduction: age 5+; group I causes","1207369","0.56",2.59999414827539
"40","C33.1","For malaria due to P. vivax, test for G6PD deficiency; if normal, add chloroquine or chloroquine plus 14-day course of primaquine",0,FALSE,"Community","Urgent","Mortality reduction; under-5","103804357.7","0.19",0.932989840224069
"41","C33.2","For malaria due to P. vivax, test for G6PD deficiency; if normal, add chloroquine or chloroquine plus 14-day course of primaquine",0,FALSE,"Community","Urgent","Mortality reduction; under-5","5459580.264","0.19",0.354941787041765
"42","C34","Conduct larviciding and water-management programs in high malaria transmission areas where mosquito breeding sites can be identified and regularly targeted",0,FALSE,"Community","Time-bound (non-urgent)","Mortality reduction; under-5","86284727.71","0.19",1.8637997749903
"43","C35.1","In all malaria-endemic countries, diagnosis with rapid test or microscopy (including speciation) followed by treatment with ACTs (or current first-line combination)",1,TRUE,"Community","Urgent","Mortality reduction; under-5","227053297.6","0.65",1.42663139062539
"44","C35.2","In all malaria-endemic countries, diagnosis with rapid test or microscopy (including speciation) followed by treatment with ACTs (or current first-line combination)",1,TRUE,"Community","Urgent","Mortality reduction; under-5","8857477.657","0.65",1.69205118423012
"45","C35.3","In all malaria-endemic countries, diagnosis with rapid test or microscopy (including speciation) followed by treatment with ACTs (or current first-line combination)",1,TRUE,"Community","Urgent","Mortality reduction; under-5","67470481.72","0.19",6.9424223717977
"46","C36","In high malaria transmission settings where rapid tests and microscopy are unavailable, presumptive treatment of febrile illness with ACTs (non-severe cases) or ACTs plus antibiotics (severe cases)",1,TRUE,"Community","Urgent","Mortality reduction; under-5","36330259.39","0.19",3.37304321039337
"47","C37","In high malaria transmission settings, intermittent preventive treatment in infancy (except where seasonal malaria chemoprophylaxis is being provided)",1,TRUE,"Community","Time-bound (non-urgent)","Mortality reduction; under-5","26000137.9","0.36",0.449432839844213
"48","C38","In low malaria transmision settings, addition of single low-dose primaquine to first-line treatment",0,FALSE,"Community","Urgent","Mortality reduction; under-5","21849","0.19",0.020282387830958
"49","C39","In low malaria transmission settings, case investigation, reactive case detection, proactive case detection (including mass screening and treatment)",0,FALSE,"Community","Time-bound (non-urgent)","Mortality reduction; under-5","109245","0.19",4.05883035332065
"50","C4","Promotion of breastfeeding or complementary feeding by lay health workers",0,FALSE,"Community","Time-bound (non-urgent)","Mortality reduction; under-5","28199878","0.48",0.102950584052788
"51","C40","In the Sahel region, seasonal malaria chemoprophylaxis",1,TRUE,"Community","Time-bound (non-urgent)","Mortality reduction; under-5","22380319","0.4",12.9482338146558
"52","C41","Mass drug administration in low malaria transmission settings (including high-risk groups in geographic or demographic clusters)",0,FALSE,"Community","Time-bound (non-urgent)","Mortality reduction; under-5","33660161","0.19",0.783428615060982
"53","C42","Management of lymphedema",0,FALSE,"Community","Chronic","Reduction in disability","19775899","0.05",6.60787167891556
"54","C43.1","Early detection and treatment of Chagas disease, human African trypanosomiasis, leprosy, and leishmaniases",1,TRUE,"Community","Time-bound (non-urgent)","Reduction in disability","228","0.4",150.571109388433
"55","C43.2","Early detection and treatment of Chagas disease, human African trypanosomiasis, leprosy, and leishmaniases",1,TRUE,"Community","Time-bound (non-urgent)","Reduction in disability","10120","0.4",338.255379502324
"56","C43.3","Early detection and treatment of Chagas disease, human African trypanosomiasis, leprosy, and leishmaniases",1,TRUE,"Community","Time-bound (non-urgent)","Reduction in disability","126465","0.4",106.733962166089
"57","C43.4","Early detection and treatment of Chagas disease, human African trypanosomiasis, leprosy, and leishmaniases",1,TRUE,"Community","Time-bound (non-urgent)","Reduction in disability","1562501","0.4",50.3880498588119
"58","C43.5","Early detection and treatment of Chagas disease, human African trypanosomiasis, leprosy, and leishmaniases",1,TRUE,"Community","Time-bound (non-urgent)","Reduction in disability","25427","0.4",160.480885212424
"59","C44","Total Community Treatment for yaws",0,FALSE,"Community","Time-bound (non-urgent)","Reduction in disability","453","0.4",3.44820073511984
"60","C45","Identify and refer patients with high risk including pregnant women, young children, and those with underlying medical conditions",0,FALSE,"Community","Time-bound (non-urgent)","Mortality reduction: age 5+; group I causes","896507438","0.05",0.0903812235717933
"61","C46","Provide advice and guidance on how to recognise early symptoms and signs and when to seek medical attention",0,FALSE,"Community","Time-bound (non-urgent)","Mortality reduction: age 5+; group I causes","896507438","0.05",0.0903812235717933
"62","C48","Self-managed treatment of migraine",0,FALSE,"Community","Chronic","Reduction in disability","99371080","0.3",0.168589295142172
"63","C49","Early identification of lead poisoning and counseling of families in remediation strategies for sources of environmental exposure",0,FALSE,"Community","Time-bound (non-urgent)","Reduction in disability","896507.4378","0.05",0.188578933795979
"64","C5.1","Tetanus toxoid immunisation for school-aged children",1,TRUE,"Community","Time-bound (non-urgent)","Mortality reduction: age 5+; group I causes","125725951","0.33",0.502117908732185
"65","C5.2","Tetanus toxoid immunisation among women attending antenatal care",1,TRUE,"Health center","Time-bound (non-urgent)","Mortality reduction; under-5","40367692","0.46",0.385365368788203
"66","C50","Parent training for high-risk families, including nurse home visitation for child maltreatment",0,FALSE,"Community","Time-bound (non-urgent)","Reduction in disability","66936","0.05",2.31771353362896
"67","C51","WASH behavior change interventions, such as community-led total sanitation",0,FALSE,"Community","Time-bound (non-urgent)","Mortality reduction; under-5","179301487.6","0.46",0.374524506186866
"68","C52","Cardiac and pulmonary rehabilitation programs",0,FALSE,"Community","Chronic","Reduction in disability","19775899","0.05",6.58
"69","C53","Early childhood development rehabilitation interventions, including motor, sensory, and language stimulation",0,FALSE,"Community","Time-bound (non-urgent)","Reduction in disability","19775899","0.05",6.58
"70","C54","Functional interventions for self-care for individuals with disabilities",0,FALSE,"Community","Chronic","Reduction in disability","19775899","0.05",6.58
"71","C55","Individualized environmental modifications (for example, adaptations to a house)",0,FALSE,"Community","Chronic","Reduction in disability","19775899","0.05",6.58
"72","C56","Pressure area prevention and supportive seating interventions for wheelchair users",0,FALSE,"Community","Chronic","Reduction in disability","19775899","0.05",6.58
"73","C57","Provision and training in the use of basic assistive products (such as canes, braille displays, and other aides) and compensatory strategies needed to communicate and perform activities of daily living",0,FALSE,"Community","Chronic","Reduction in disability","19775899","0.05",6.58
"74","C58","Training and retraining for disorders of speech, swallowing, communication, and cognition",0,FALSE,"Community","Chronic","Reduction in disability","19775899","0.05",6.58
"75","C59","Training, retraining, and exercise programs that address musculoskeletal injuries and disorders, including chronic low back and neck pain",0,FALSE,"Community","Chronic","Reduction in disability","19775899","0.05",6.58
"76","C6","HIV education and counseling for pregnant women, sex workers, people who inject drugs, men who have sex with men, and transgender individuals, and PLHIV and their partners",0,FALSE,"Community","Time-bound (non-urgent)","Mortality reduction: age 5+; group I causes","22077536.55","0.16",0.188578933795979
"77","C7","In high malaria transmission settings, intermittent preventive treatment in pregnancy",1,TRUE,"Health center","Chronic","Mortality reduction; under-5","38852051.48","0.36",0.449507807402958
"78","C8","Management of severe acute malnutrition, including early detection in community settings",1,TRUE,"Community","Urgent","Mortality reduction; under-5","3548622.0","0.5105",2.03890549785225
"79","C9","Detection and treatment of childhood infections (iCCM), including referral if danger signs",1,TRUE,"Community","Urgent","Mortality reduction; under-5","1.26352848E8","0.5105",9.36758612021975
"80","C99","Basic neonatal resuscitation following delivery",1,TRUE,"Community","Urgent","Mortality reduction; under-5","1080577.0","0.27",1.35891998467419
"81","FLH1","Detection and management of fetal growth restriction",0,FALSE,"First-level hospital","Chronic","Reduction in disability","1127995.0","0.39",186.251418716059
"82","FLH10","Surgical termination of pregnancy by manual vacuum aspiration and dilation and curettage",1,TRUE,"First-level hospital","Time-bound (non-urgent)","Non-health outcomes","7935256.0","0.01",107.776727965888
"83","FLH13","Early detection and treatment of early-stage cervical cancer",1,TRUE,"First-level hospital","Chronic","Mortality reduction: age 5+; group II-III causes","112123.0","0.1",42.303870988175
"84","FLH15","Tubal ligation",1,TRUE,"First-level hospital","Time-bound (non-urgent)","Non-health outcomes","722058.26","0.01",107.776727965888
"85","FLH16","Vasectomy",1,TRUE,"First-level hospital","Time-bound (non-urgent)","Non-health outcomes","10832.6","0.01",107.776727965888
"86","FLH17","Referral of cases of treatment failure for drug susceptibility testing; enrollment of those with MDR-TB for treatment per WHO guidelines (either short or long regimen)",1,TRUE,"First-level hospital","Chronic","Mortality reduction: age 5+; group I causes","26562.0","0.56",3447.36777291136
"87","FLH18.1","Evaluation and management of fever in clinically unstable individuals using WHO IMAI guidelines, including empiric parenteral antimicrobials and antimalarials and resuscitative measures for septic shock",1,TRUE,"First-level hospital","Urgent","Mortality reduction: age 5+; group I causes","1.0433848E7","0.19",25.8074754670829
"88","FLH18.2","Evaluation and management of fever in clinically unstable individuals using WHO IMAI guidelines, including empiric parenteral antimicrobials and antimalarials and resuscitative measures for septic shock",1,TRUE,"First-level hospital","Urgent","Mortality reduction: age 5+; group I causes","1.0433848E7","0.19",44.7227657319657
"89","FLH18.3","Evaluation and management of fever in clinically unstable individuals using WHO IMAI guidelines, including empiric parenteral antimicrobials and antimalarials and resuscitative measures for septic shock",1,TRUE,"First-level hospital","Urgent","Mortality reduction: age 5+; group I causes","1.0433848E7","0.19",16.0917470311904
"90","FLH19.1","Management of severe malaria, including early detection and provision of rectal artesunate in community settings followed by parenteral artesunate and full-course of ACT",1,TRUE,"First-level hospital","Urgent","Mortality reduction; under-5","2076015.0","0.19",0.000324262017909113
"91","FLH19.2","Management of severe malaria, including early detection and provision of rectal artesunate in community settings followed by parenteral artesunate and full-course of ACT",1,TRUE,"First-level hospital","Urgent","Mortality reduction; under-5","5463197.0","0.19",63.3044170378957
"92","FLH2","Induction of labor post-term",1,TRUE,"First-level hospital","Urgent","Mortality reduction; under-5","4036769.0","0.39",2.10936833441964
"93","FLH20","Management of acute coronary syndromes with aspirin, unfractionated heparin, and generic thrombolytics (when indicated)",0,FALSE,"First-level hospital","Urgent","Mortality reduction: age 5+; group II-III causes","1483178.0","0.04",1213.73303881648
"94","FLH21.1","Management of acute critical limb ischemia with unfractionated heparin and revascularization where available, with amputation as a last resort",0,FALSE,"First-level hospital","Urgent","Mortality reduction: age 5+; group II-III causes","1094250.0","0.04",775.746906770776
"95","FLH22","Management of acute exacerbations of asthma and COPD using systemic steroids, inhaled beta-agonists, and, if indicated, oral antibiotics and oxygen therapy",0,FALSE,"First-level hospital","Urgent","Mortality reduction: age 5+; group II-III causes","1.5563596E7","0.05",187.2575337294
"96","FLH23","Medical management of acute heart failure",1,TRUE,"First-level hospital","Urgent","Mortality reduction: age 5+; group II-III causes","1254950.0","0.04",845.950137783528
"97","FLH24","Management of bowel obstruction",1,TRUE,"First-level hospital","Urgent","Mortality reduction: age 5+; group II-III causes","127010.0","0.01",215.553455931777
"98","FLH25","Calcium and vitamin D supplementation for secondary prevention of osteoporosis",0,FALSE,"First-level hospital","Chronic","Reduction in disability","1.7744692E7","0.05",9.13854593892577
"99","FLH26","Combination therapy, including low-dose corticosteroids and generic disease-modifying antirheumatic drugs (including methotrexate), for individuals with moderate to severe rheumatoid arthritis",1,TRUE,"First-level hospital","Chronic","Reduction in disability","1706809.0","0.05",84.5064440396268
"100","FLH27","In settings where sickle cell disease is a public health concern, universal newborn screening followed by standard prophylaxis against bacterial infections and malaria",1,TRUE,"First-level hospital","Time-bound (non-urgent)","Mortality reduction; under-5","2.8199878E7","0.05",6.94537640510284
"101","FLH28","In settings where specific single-gene disorders are a public health concern (for example, thalassemias), retrospective identification of carriers plus prospective (premarital) screening and counseling to reduce rates of conception",0,FALSE,"First-level hospital","Time-bound (non-urgent)","Reduction in disability","4074759.0","0.05",60.4099620664548
"102","FLH29.1","Universal newborn screening for congenital endocrine or metabolic disorders (for example, congenital hypothyroidism, phenylketonuria) that have high incidence rates and for which long-term treatment is feasible in limited resource settings",1,TRUE,"First-level hospital","Time-bound (non-urgent)","Reduction in disability","2.8199878E7","0.05",0.574663887126726
"103","FLH29.2","Universal newborn screening for congenital endocrine or metabolic disorders (for example, congenital hypothyroidism, phenylketonuria) that have high incidence rates and for which long-term treatment is feasible in limited resource settings",1,TRUE,"First-level hospital","Time-bound (non-urgent)","Reduction in disability","501161.0","0.05",983.742479919936
"104","FLH3","Jaundice management with phototherapy",1,TRUE,"First-level hospital","Urgent","Mortality reduction; under-5","2795.0","0.2734",42.6234380267583
"105","FLH30","Management of intoxication/poisoning syndromes using widely available agents; e.g., activated charcoal, naloxone, bicarbonate, antivenin",0,FALSE,"First-level hospital","Urgent","Mortality reduction: age 5+; group II-III causes","515761.0","0.05",63.8786615225843
"106","FLH31","Appendectomy",1,TRUE,"First-level hospital","Urgent","Mortality reduction: age 5+; group II-III causes","2541498.0","0.01",215.553455931777
"107","FLH32","Assisted vaginal delivery using vacuum extraction or forceps",1,TRUE,"First-level hospital","Urgent","Mortality reduction; under-5","819767.0","0.01",21.5553455931777
"108","FLH33","Burr hole to relieve acute elevated intracranial pressure",0,FALSE,"First-level hospital","Urgent","Mortality reduction: age 5+; group II-III causes","167097.0","0.01",215.553455931777
"109","FLH34","Colostomy",1,TRUE,"First-level hospital","Urgent","Mortality reduction: age 5+; group II-III causes","3314.0","0.01",215.553455931777
"110","FLH35","Escharotomy or fasciotomy",0,FALSE,"First-level hospital","Urgent","Mortality reduction: age 5+; group II-III causes","23391.0","0.01",215.553455931777
"111","FLH36","Fracture reduction and placement of external fixator and use of traction for fractures",1,TRUE,"First-level hospital","Urgent","Mortality reduction: age 5+; group II-III causes","1044362.0","0.01",107.776727965888
"112","FLH37","Hernia repair including emergency surgery",1,TRUE,"First-level hospital","Urgent","Reduction in disability","215525.0","0.01",215.553455931777
"113","FLH38","Hysterectomy for uterine rupture or intractable postpartum hemorrhage",1,TRUE,"First-level hospital","Urgent","Mortality reduction: age 5+; group I causes","30898.0","0.01",215.553455931777
"114","FLH39","Irrigation and debridement of open fractures",1,TRUE,"First-level hospital","Urgent","Mortality reduction: age 5+; group II-III causes","292369.0","0.01",215.553455931777
"115","FLH4","Management of eclampsia with magnesium sulfate, including initial stabilization at health centers",1,TRUE,"First-level hospital","Urgent","Mortality reduction: age 5+; group I causes","1009192.0","0.39",50.6755459956486
"116","FLH40","Management of osteomyelitis, including surgical debridement for refractory cases",1,TRUE,"First-level hospital","Urgent","Mortality reduction: age 5+; group II-III causes","55245.0","0.01",215.553455931777
"117","FLH41","Management of septic arthritis",1,TRUE,"First-level hospital","Urgent","Mortality reduction: age 5+; group II-III causes","110490.0","0.01",107.776727965888
"118","FLH42","Relief of urinary obstruction by catheterization or suprapubic cystostomy",1,TRUE,"First-level hospital","Urgent","Mortality reduction: age 5+; group II-III causes","9224.0","0.01",21.5553455931777
"119","FLH43","Removal of gallbladder including emergency surgery",0,FALSE,"First-level hospital","Urgent","Mortality reduction: age 5+; group II-III causes","398589.0","0.01",215.553455931777
"120","FLH44","Repair of perforations (for example, perforated peptic ulcer, typhoid ileal perforation)",1,TRUE,"First-level hospital","Urgent","Mortality reduction: age 5+; group II-III causes","107142.0","0.01",215.553455931777
"121","FLH46","Basic skin grafting",0,FALSE,"First-level hospital","Urgent","Non-health outcomes","86823.0","0.01",215.553455931777
"122","FLH47","Surgery for filarial hydrocele",0,FALSE,"First-level hospital","Time-bound (non-urgent)","Reduction in disability","245909.0","0.01",107.776727965888
"123","FLH48","Trauma laparotomy",1,TRUE,"First-level hospital","Urgent","Mortality reduction: age 5+; group II-III causes","439410.0","0.01",215.553455931777
"124","FLH49","Trauma-related amputations",1,TRUE,"First-level hospital","Urgent","Mortality reduction: age 5+; group II-III causes","119309.0","0.01",215.553455931777
"125","FLH50","Tube thoracostomy",1,TRUE,"First-level hospital","Urgent","Mortality reduction: age 5+; group I causes","1159949.0","0.01",107.776727965888
"126","FLH51","Assessment, provision and training in the use of assistive products, including assistive devices for hearing",0,FALSE,"First-level hospital","Chronic","Reduction in disability","1.9775899E7","0.05",6.58
"127","FLH52","Compression therapy for amputations, burns, and vascular or lymphatic disorders",0,FALSE,"First-level hospital","Chronic","Reduction in disability","1.9775899E7","0.05",6.58
"128","FLH53","Evaluation and acute management of swallowing dysfunction",0,FALSE,"First-level hospital","Chronic","Mortality reduction: age 5+; group II-III causes","1.9775899E7","0.05",6.58
"129","FLH54","Fabrication, fitting, and training in the use of prosthetics, orthotics, and splints",0,FALSE,"First-level hospital","Chronic","Reduction in disability","1.9775899E7","0.05",6.58
"130","FLH55","Initial assessment, and prescription, and provision of individualized interventions for musculoskeletal, cardiopulmonary, neurological, speech and communication, and cognitive deficits, including training in preparation for discharge",0,FALSE,"First-level hospital","Chronic","Reduction in disability","1.9775899E7","0.05",6.58
"131","FLH552","Management of maternal sepsis, including early detection at health centers",1,TRUE,"First-level hospital","Urgent","Mortality reduction: age 5+; group I causes","2531608.0","0.39",85.3685703805023
"132","FLH56","Mobilization activities following acute injury or illness",0,FALSE,"First-level hospital","Chronic","Reduction in disability","1.9775899E7","0.05",6.58
"133","FLH57","Prevention and relief of refractory suffering and of acute pain related to surgery, serious injury, or other serious, complex or life-limiting health problems",1,TRUE,"First-level hospital","Urgent","Non-health outcomes","7498607.0","0.05",64.6326172120069
"134","FLH7","Management of preterm labor with corticosteroids, including early detection at health centers",1,TRUE,"First-level hospital","Urgent","Mortality reduction; under-5","2413827.0","0.39",34.2062470769107
"135","FLH8","Management of labor and delivery in high risk women, including operative delivery (CEmNOC)",1,TRUE,"First-level hospital","Urgent","Mortality reduction; under-5","2422062.0","0.21",204.121251566488
"136","FLH9","Surgery for ectopic pregnancy",1,TRUE,"First-level hospital","Urgent","Mortality reduction: age 5+; group I causes","394798.0","0.39",35.4941787041765
"137","HC1","Early detection and treatment of neonatal pneumonia with oral antibiotics",1,TRUE,"Health center","Urgent","Mortality reduction; under-5","4513161.0","0.5105",6.22392056286148
"138","HC10","Screening and management of diabetes in pregnancy (gestational diabetes or preexisting type II diabetes)",0,FALSE,"Health center","Chronic","Reduction in disability","4.0367692E7","0.04",3.78980220282527
"139","HC11","Management of labor and delivery in low risk women (BEmNOC), including initial treatment of obstetric or delivery complications prior to transfer",1,TRUE,"Health center","Urgent","Mortality reduction; under-5","1.0620078E7","0.21",69.1378432725201
"140","HC12","Detection and treatment of childhood infections with danger signs (IMCI)",1,TRUE,"Health center","Urgent","Mortality reduction; under-5","1.26352848E8","0.5105",4.79105549660094
"141","HC13","Among all individuals who are known to be HIV positive, immediate ART initiation with regular monitoring of viral load for adherence and development of resistance",1,TRUE,"Health center","Chronic","Mortality reduction: age 5+; group I causes","1.183161E7","0.52",71.4518400310655
"142","HC14","Psychological treatment for mood, anxiety, ADHD, and disruptive behavior disorders",0,FALSE,"Health center","Chronic","Reduction in disability","8500670.0","0.023",42.6771758559898
"143","HC15","Management of complications following FGM",0,FALSE,"Health center","Urgent","Non-health outcomes","3.6476132E7","0.39",0.01933576796911
"144","HC16","Post gender-based violence care, including counseling, provision of emergency contraception, and rape-response referral (medical and judicial)",1,TRUE,"Health center","Time-bound (non-urgent)","Non-health outcomes","1.7480699E7","0.75",3.38966339105507
"145","HC17","Syndromic management of common sexual and reproductive tract infections (for example uretheral discharge, genital ulcer, and others) according to WHO guidelines",1,TRUE,"Health center","Urgent","Reduction in disability","8.7441845E7","0.4",5.67220550054808
"146","HC18","Opportunistic screening for cervical cancer using visual inspection or HPV DNA testing and treatment of precancerous lesions with cryotherapy",0,FALSE,"First-level hospital","Time-bound (non-urgent)","Mortality reduction: age 5+; group II-III causes","2.1796298E7","0.1",3.73947112708544
"147","HC19.1","For individuals testing positive for hepatitis B and C, assessment of treatment eligibility by trained providers followed by initiation and monitoring of antiviral treatment when indicated",0,FALSE,"Health center","Chronic","Mortality reduction: age 5+; group I causes","5606414.0","0.16",140.670156861193
"148","HC19.2","For individuals testing positive for hepatitis B and C, assessment of treatment eligibility by trained providers followed by initiation and monitoring of antiviral treatment when indicated",0,FALSE,"Health center","Chronic","Mortality reduction: age 5+; group I causes","1265754.0","0.16",421.87198435504
"149","HC2.1","Management of miscarriage or incomplete abortion and post abortion care",1,TRUE,"Health center","Urgent","Non-health outcomes","1.5094533E7","0.17",8.98590367101928
"150","HC2.2","Management of miscarriage or incomplete abortion and post abortion care",1,TRUE,"Health center","Urgent","Non-health outcomes","1.5094533E7","0.17",0.102950584052788
"151","HC20.1","Hepatitis B and C testing of individuals identified in the national testing policy (based on endemicity and risk level), with appropriate referral of positive individuals to trained providers",0,FALSE,"Health center","Time-bound (non-urgent)","Mortality reduction: age 5+; group I causes","3.981828E7","0.16",10.1872181534523
"152","HC20.2","Hepatitis B and C testing of individuals identified in the national testing policy (based on endemicity and risk level), with appropriate referral of positive individuals to trained providers",0,FALSE,"Health center","Time-bound (non-urgent)","Mortality reduction: age 5+; group I causes","4.1685832E7","0.16",12.0420925101551
"153","HC21.1","Partner notification and expedited treatment for common STIs, including HIV",0,FALSE,"Health center","Urgent","Mortality reduction: age 5+; group I causes","1.14666415E8","0.4",0.260749838658957
"154","HC21.2","Partner notification and expedited treatment for common STIs, including HIV",0,FALSE,"Health center","Urgent","Mortality reduction: age 5+; group I causes","8.7441845E7","0.4",2.61642803019359
"155","HC22","PrEP for discordant couples and others at high risk of infection such as commercial sex workers (in high prevalence settings)",0,FALSE,"Health center","Chronic","Mortality reduction: age 5+; group I causes","6147313.0","0.52",81.6469261900834
"156","HC23","Provider-initiated testing and counseling for HIV, STIs, and hepatitis, for all in contact with health system in high-prevalence settings, including prenatal care with appropriate referral or linkage to care including immediate ART initiation for those testing positive for HIV",1,TRUE,"Health center","Time-bound (non-urgent)","Mortality reduction: age 5+; group I causes","6.9438238E7","0.16",4.3135283274496
"157","HC24","As resources permit, hepatitis B vaccination of high-risk populations, including healthcare workers, PWID, MSM, household contacts, and persons with multiple sex partners",0,FALSE,"Health center","Time-bound (non-urgent)","Mortality reduction: age 5+; group I causes","896507.0","0.4",0.672837997701128
"158","HC25","Provision of voluntary medical male circumcision service in settings with high prevalence of HIV",1,TRUE,"Health center","Time-bound (non-urgent)","Mortality reduction: age 5+; group I causes","1495654.0","0.0",34.0122955905438
"159","HC26","Symptomatic screening and chest radiograph for PLHIV and children under five who are close contacts or household members of individuals with active TB; if no active TB, provision of isoniazid preventive therapy according to current WHO guidelines",0,FALSE,"Health center","Chronic","Mortality reduction: age 5+; group I causes","1215596.0","0.56",80.6386629277991
"160","HC27.1","Diagnosis of TB, including assessment of rifampicin resistance using rapid molecular diagnostics (UltraXpert), and initiation of first-line treatment per current WHO guidelines for drug-susceptible TB; referral for confirmation, further assessment of drug resistance, and treatment of drug-resistant TB",1,TRUE,"Health center","Chronic","Mortality reduction: age 5+; group I causes","946577.0","0.56",84.424962853701
"161","HC27.2","Diagnosis of TB, including assessment of rifampicin resistance using rapid molecular diagnostics (UltraXpert), and initiation of first-line treatment per current WHO guidelines for drug-susceptible TB; referral for confirmation, further assessment of drug resistance, and treatment of drug-resistant TB",1,TRUE,"Health center","Chronic","Mortality reduction: age 5+; group I causes","236644.0","0.56",185.74675708244
"162","HC28","Screening for HIV in all individuals with a diagnosis of active TB; if HIV infection is present, start (or refer for) ARV treatment and HIV care",1,TRUE,"Health center","Chronic","Mortality reduction: age 5+; group I causes","1207369.0","0.62",2.14993311008155
"163","HC29","Screening for latent TB infection following a new diagnosis of HIV, followed by yearly screening among PLHIV at high risk of TB exposure; initiation of isoniazid preventive therapy among all individuals who screen positive but do not have evidence of active TB",0,FALSE,"Health center","Time-bound (non-urgent)","Mortality reduction: age 5+; group I causes","1131408.0","0.52",14.3544401001662
"164","HC3","Management of preterm premature rupture of membranes, including administration of antibotics",1,TRUE,"Health center","Urgent","Mortality reduction; under-5","4194981.0","0.39",4.03619517836065
"165","HC30.1","Evaluation and management of fever in clinically stable individuals using WHO IMAI guidelines, with referral of unstable individuals to first-level hospital care",1,TRUE,"Health center","Urgent","Mortality reduction: age 5+; group I causes","2.0867697E7","0.19",0.686186532087323
"166","HC30.2","Evaluation and management of fever in clinically stable individuals using WHO IMAI guidelines, with referral of unstable individuals to first-level hospital care",1,TRUE,"Health center","Urgent","Mortality reduction: age 5+; group I causes","2.0867697E7","0.19",5.33186706080575
"167","HC30.3","Evaluation and management of fever in clinically stable individuals using WHO IMAI guidelines, with referral of unstable individuals to first-level hospital care",1,TRUE,"Health center","Urgent","Mortality reduction: age 5+; group I causes","2.0867697E7","0.19",3.32649201842169
"168","HC32","Provision of insecticide-treated nets to children and pregnant women attending health centers",0,FALSE,"Health center","Time-bound (non-urgent)","Mortality reduction; under-5","4.0367692E7","0.55",6.54432638027244
"169","HC33","Identify and refer to higher levels of health care patients with signs of progressive illness",0,FALSE,"Health center","Time-bound (non-urgent)","Mortality reduction: age 5+; group I causes","8.96507438E8","0.05",0.0903812235717933
"170","HC34","Stockpile and consider treating early high risk patients with anti viral medications according to nationally endorsed guidelines",0,FALSE,"Health center","Time-bound (non-urgent)","Mortality reduction: age 5+; group I causes","8.96507438E8","0.05",0.0903812235717933
"171","HC35","Annual flu vaccination and pneumococcal vaccine every five years for individuals with underlying lung disease",0,FALSE,"Health center","Time-bound (non-urgent)","Mortality reduction: age 5+; group II-III causes","6.8390203E7","0.05",4.73999305843183
"172","HC36.1","Long-term combination therapy for persons with multiple CVD risk factors, including screening for CVD in community settings using non-lab-based tools to assess overall CVD risk",0,FALSE,"Health center","Chronic","Mortality reduction: age 5+; group II-III causes","3.3180433E7","0.04",56.7240698074128
"173","HC36.2","Long-term combination therapy for persons with multiple CVD risk factors, including screening for CVD in community settings using non-lab-based tools to assess overall CVD risk",0,FALSE,"Health center","Chronic","Mortality reduction: age 5+; group II-III causes","2.75983886E8","0.04",0.39595285446973
"174","HC37","Low-dose inhaled corticosteroids and bronchodilators for asthma and for selected patients with COPD",0,FALSE,"Health center","Chronic","Mortality reduction: age 5+; group II-III causes","6.1043754E7","0.05",51.467085645049
"175","HC38","Provision of aspirin for all cases of suspected acute myocardial infarction",1,TRUE,"Health center","Urgent","Mortality reduction: age 5+; group II-III causes","876135.0","0.04",0.0301270745239311
"176","HC39","Screening and management of albuminuric kidney disease with ACEi or ARBs, including targeted screening among people with diabetes",0,FALSE,"Health center","Chronic","Mortality reduction: age 5+; group II-III causes","1.1310146E7","0.04",38.408826640765
"177","HC4","Provision of condoms and hormonal contraceptives, including emergency contraceptives",1,TRUE,"Health center","Time-bound (non-urgent)","Non-health outcomes","1.04114139E8","0.52",4.96918501858472
"178","HC40","Screening and management of diabetes among at-risk adults, including glycemic control, management of blood pressure and lipids, and consistent foot care",1,TRUE,"Health center","Chronic","Mortality reduction: age 5+; group II-III causes","2.3798344E7","0.04",64.1592629669071
"179","HC41","Secondary prophylaxis with penicillin for rheumatic fever or established rheumatic heart disease",1,TRUE,"Health center","Chronic","Mortality reduction: age 5+; group II-III causes","3.17520123E8","0.04",0.16777156690126
"180","HC42","Treatment of acute pharyngitis in children to prevent rheumatic fever",1,TRUE,"Health center","Urgent","Mortality reduction: age 5+; group II-III causes","3.17520123E8","0.04",0.16777156690126
"181","HC43","Long term management of ischemic heart disease, stroke, and peripheral vascular disease with aspirin, beta blockers, ACEi, and statins (as indicated) to reduce risk of further events",1,TRUE,"Health center","Chronic","Mortality reduction: age 5+; group II-III causes","1.9381239E7","0.04",83.9725645185916
"182","HC44","Medical management of heart failure with diuretics, beta-blockers, ACEi, and mineralocorticoid antagonists",1,TRUE,"Health center","Chronic","Mortality reduction: age 5+; group II-III causes","1254950.0","0.04",249.96259717541
"183","HC45","Opportunistic screening for hypertension for all adults and initiation of treatment among individuals with severe hypertension and/or multiple risk factors",0,FALSE,"Health center","Time-bound (non-urgent)","Mortality reduction: age 5+; group II-III causes","1.37991943E8","0.04",1.85783626230909
"184","HC46","Tobacco cessation counseling, and use of nicotine replacement therapy in certain circumstances",0,FALSE,"Health center","Chronic","Mortality reduction: age 5+; group II-III causes","3.2464182E7","0.04",1.40817983417975
"185","HC47","Essential palliative care and pain control measures, including oral immediate release morphine and medicines for associated symptoms",1,TRUE,"Health center","Chronic","Non-health outcomes","7498607.0","0.05",64.6326172120069
"186","HC48","Interventions to support caregivers of patients with dementia",0,FALSE,"Health center","Chronic","Non-health outcomes","1700448.0","0.05",16.1725302411383
"187","HC49","Management of bipolar disorder using generic mood-stabilizing medications and psychosocial treatment",1,TRUE,"Health center","Chronic","Reduction in disability","4719014.0","0.037",184.569151903148
"188","HC5","Counseling of mothers on providing kangaroo care for newborns",1,TRUE,"Health center","Time-bound (non-urgent)","Mortality reduction; under-5","2413827.0","0.2734",2.32632075113696
"189","HC50.1","Management of depression and anxiety disorders with psycological and generic antidepressant therapy",1,TRUE,"Health center","Chronic","Reduction in disability","2.5830863E7","0.037",19.8453684567357
"190","HC50.2","Management of depression and anxiety disorders with psycological and generic antidepressant therapy",1,TRUE,"Health center","Chronic","Reduction in disability","2.9060345E7","0.023",12.3792711004395
"191","HC51","Management of epilepsy, including acute stabilization and long-term management with generic anti-epileptics",1,TRUE,"Health center","Chronic","Mortality reduction: age 5+; group II-III causes","3184811.0","0.3",27.5282234782146
"192","HC52","Management of schizophrenia using generic anti-psychotic medications and psychosocial treatment",1,TRUE,"Health center","Chronic","Reduction in disability","1720037.0","0.023",99.4315578563509
"193","HC53","Screening and brief intervention for alcohol use disorders",0,FALSE,"Health center","Time-bound (non-urgent)","Reduction in disability","5441547.0","0.01",4.347195396166
"194","HC54","Exercise programs for upper extremity injuries and disorders",0,FALSE,"Health center","Chronic","Reduction in disability","1.9775899E7","0.05",6.58
"195","HC55","Calcium and vitamin D supplementation for primary prevention of osteoporosis in high-risk individuals",0,FALSE,"Health center","Chronic","Reduction in disability","2.7467331E7","0.05",7.76274286899958
"196","HC56","Targeted screening for congenital hearing loss in high-risk children using otoacoustic emissions testing",0,FALSE,"Health center","Time-bound (non-urgent)","Reduction in disability","77161.0","0.05",10.1015423782692
"197","HC57","Dental extraction",0,FALSE,"Health center","Time-bound (non-urgent)","Reduction in disability","5.4310093E7","0.01",21.5553455931777
"198","HC58","Drainage of dental abscess",0,FALSE,"Health center","Time-bound (non-urgent)","Mortality reduction: age 5+; group II-III causes","256999.0","0.01",21.5553455931777
"199","HC59","Drainage of superficial abscess",1,TRUE,"Health center","Urgent","Mortality reduction: age 5+; group II-III causes","5.1248296E7","0.01",10.7776727965888
"200","HC6","Management of neonatal sepsis, pneumonia, and meningitis using injectable and oral antibiotics",1,TRUE,"Health center","Urgent","Mortality reduction; under-5","346014.0","0.5105",2.6569928058555
"201","HC60","Management of non-displaced fractures",0,FALSE,"Health center","Urgent","Reduction in disability","1044362.0","0.01",21.5553455931777
"202","HC62","Suturing laceration",0,FALSE,"Health center","Urgent","Reduction in disability","1.9290506E7","0.01",2.15553455931777
"203","HC63","Treatment of caries",0,FALSE,"Health center","Time-bound (non-urgent)","Reduction in disability","1.3298621E7","0.01",21.5553455931777
"204","HC64","Basic management of musculoskeletal and neurological injuries and disorders, such as prescription of simple exercises and sling or cast provision",0,FALSE,"Health center","Chronic","Reduction in disability","1.9775899E7","0.05",6.58
"205","HC65","Review of prosthetics, orthotics, and splints, with referral to hospital if indicated",0,FALSE,"Health center","Chronic","Reduction in disability","1.9775899E7","0.05",6.58
"206","HC66","Psychosocial support and counseling services for individuals with serious, complex, or life-limiting health problems and their caregivers",1,TRUE,"Health center","Time-bound (non-urgent)","Non-health outcomes","7498607.0","0.05",64.6326172120069
"207","HC67","Expanded palliative care and pain control measures, including prevention and relief of all physical and psychological symptoms of suffering",0,FALSE,"Health center","Chronic","Non-health outcomes","7498607.0","0.05",64.6326172120069
"208","HC7","Pharmacological termination of pregnancy",1,TRUE,"Health center","Time-bound (non-urgent)","Non-health outcomes","1.5870513E7","0.07",4.80692591593705
"209","HC8","PMTCT of HIV (Option B+) and syphilis",1,TRUE,"Health center","Chronic","Mortality reduction; under-5","1146798.0","0.6",176.351909703989
"210","HC9","Screening and management of hypertensive disorders in pregnancy",0,FALSE,"Health center","Chronic","Mortality reduction: age 5+; group II-III causes","4965226.0","0.39",1.37920237250515
"211","P1","Mass media messages concerning sexual and reproductive health and mental health for adolescents",0,FALSE,"Population based","Time-bound (non-urgent)","Reduction in disability","2.00985058E8","0.33",1.45614193532334
"212","P10","Develop and implement a plan to ensure surge capacity in hospital beds, stockpiles of disinfectants, equipment for supportive care, and personal protective equipment",0,FALSE,"Population based","Time-bound (non-urgent)","Mortality reduction: age 5+; group I causes","8.96507438E8","0.05",0.0903812235717933
"213","P11","Develop plans and legal standards for curtailing interactions between infected persons and uninfected population and implement and evaluate infection control measures in health facilities",0,FALSE,"Population based","Time-bound (non-urgent)","Mortality reduction: age 5+; group I causes","8.96507438E8","0.05",0.0903812235717933
"214","P12","Ensure influenza vaccine security at national and subnational level",0,FALSE,"Population based","Time-bound (non-urgent)","Mortality reduction: age 5+; group I causes","8.96507438E8","0.05",0.0903812235717933
"215","P13.1","Mass media messages concerning awareness on handwashing and health effects of household air pollution",0,FALSE,"Population based","Time-bound (non-urgent)","Mortality reduction; under-5","1.79301488E8","0.46",0.349280322080002
"216","P13.2","Mass media messages concerning awareness on handwashing and health effects of household air pollution",0,FALSE,"Population based","Time-bound (non-urgent)","Mortality reduction; under-5","8.96507438E8","0.05",0.0234741067899821
"217","P2","Mass media messages concerning healthy eating or physical activity",1,TRUE,"Population based","Time-bound (non-urgent)","Mortality reduction: age 5+; group II-III causes","8.96507438E8","0.04",0.0234741067899821
"218","P3","Mass media messages concerning use of tobacco and alcohol",0,FALSE,"Population based","Time-bound (non-urgent)","Mortality reduction: age 5+; group II-III causes","8.96507438E8","0.04",0.0234741067899821
"219","P4","Mass media encouraging use of condoms, voluntary medical male circumcision, and STI testing",0,FALSE,"Population based","Time-bound (non-urgent)","Mortality reduction: age 5+; group I causes","2.20775366E8","0.4",0.215483680702376
"220","P5","Systematic identification of individuals with TB symptoms among high-risk groups and linkage to care (gactive case findingh)",1,TRUE,"Population based","Time-bound (non-urgent)","Mortality reduction: age 5+; group I causes","723002.0","0.56",403.591348438886
"221","P6.1","Sustained vector management for Chagas disease, visceral leishmaniasis, dengue, and other nationally important causes of nonmalarial fever",1,TRUE,"Population based","Time-bound (non-urgent)","Mortality reduction; under-5","0.0","0.4",0.449658383893207
"222","P6.2","Sustained vector management for Chagas disease, visceral leishmaniasis, dengue, and other nationally important causes of nonmalarial fever",1,TRUE,"Population based","Time-bound (non-urgent)","Mortality reduction; under-5","2.4129903E7","0.4",0.449658383893207
"223","P6.3","Sustained vector management for Chagas disease, visceral leishmaniasis, dengue, and other nationally important causes of nonmalarial fever",1,TRUE,"Population based","Time-bound (non-urgent)","Mortality reduction; under-5","0.0","0.4",0.449658383893207
"224","P7","Conduct a comprehensive assessment of International Health Regulations (IHR) competencies using the Joint External Evaluation tool and develop, cost, finance and implement an action plan to address gaps in preparedness and response",0,FALSE,"Population based","Time-bound (non-urgent)","Mortality reduction: age 5+; group I causes","8.96507438E8","0.05",0.0903812235717933
"225","P8","Conduct simulation exercises and health worker training for outbreak events including outbreak investigation, contact tracing and emergency response",0,FALSE,"Population based","Time-bound (non-urgent)","Mortality reduction: age 5+; group I causes","8.96507438E8","0.05",0.0903812235717933
"226","P9","Decentralize stocks of anti viral medications in order to reach at-risk groups and disadvantaged populations",0,FALSE,"Population based","Time-bound (non-urgent)","Mortality reduction: age 5+; group I causes","8.96507438E8","0.05",0.0903812235717933
"227","RH11","Urgent, definitive surgical management of orthopedic injuries (for example, by open reduction and internal fixation)",1,TRUE,"Referral and speacialty hospitals","Urgent","Reduction in disability","104436.0","0.01",215.553455931777
"228","RH12","Repair of cleft lip and cleft palate",1,TRUE,"Referral and speacialty hospitals","Time-bound (non-urgent)","Reduction in disability","14883.0","0.01",107.776727965888
"229","RH13","Repair of club foot",0,FALSE,"Referral and speacialty hospitals","Time-bound (non-urgent)","Reduction in disability","45120.0","0.01",215.553455931777
"230","RH14","Cataract extraction and insertion of intraocular lens",1,TRUE,"Referral and speacialty hospitals","Time-bound (non-urgent)","Reduction in disability","1304425.0","0.01",107.776727965888
"231","RH142","Elective surgical repair of common orthopedic injuries (for example, meniscal and ligamentous tears) in individuals with severe functional limitation",1,TRUE,"Referral and speacialty hospitals","Time-bound (non-urgent)","Reduction in disability","6034082.0","0.01",111.116427082197
"232","RH15","Repair of anorectal malformations and Hirschsprung's Disease",0,FALSE,"Referral and speacialty hospitals","Time-bound (non-urgent)","Mortality reduction; under-5","5440.0","0.01",107.776727965888
"233","RH16","Repair of obstetric fistula",1,TRUE,"Referral and speacialty hospitals","Time-bound (non-urgent)","Non-health outcomes","67442.0","0.01",107.776727965888
"234","RH17","Insertion of shunt for hydrocephalus",0,FALSE,"Referral and speacialty hospitals","Time-bound (non-urgent)","Mortality reduction; under-5","69214.0","0.01",215.553455931777
"235","RH18","Surgery for trachomatous trichiasis",1,TRUE,"Referral and speacialty hospitals","Time-bound (non-urgent)","Reduction in disability","1410198.0","0.01",107.776727965888
"236","RH2","Specialized TB services, including management of MDR- and XDR-TB treatment failure and surgery for TB",0,FALSE,"Referral and speacialty hospitals","Urgent","Mortality reduction: age 5+; group I causes","531.0","0.56",2265.44093161101
"237","RH4","Management of acute ventilatory failure due to acute exacerbations of asthma and COPD; in COPD use of bilevel positive airway pressure preferred",0,FALSE,"Referral and speacialty hospitals","Urgent","Mortality reduction: age 5+; group II-III causes","1556360.0","0.05",225.888833691739
"238","RH5","Retinopathy screening via telemedicine, followed by treatment using laser photocoagulation",0,FALSE,"Referral and speacialty hospitals","Time-bound (non-urgent)","Reduction in disability","1.4873965E7","0.04",9.31258462795054
"239","RH7","Treatment of early stage breast cancer with appropriate multimodal approaches (including generic chemotherapy), with curative intent, for cases that are detected by clinical examination at health centers and first-level hospitals",1,TRUE,"Referral and speacialty hospitals","Chronic","Mortality reduction: age 5+; group II-III causes","529955.0","0.05",154.375524632275
"240","RH8","Treatment of early stage colorectal cancer with appropriate multimodal approaches (including generic chemotherapy), with curative intent, for cases that are detected by clinical examination at health centers and first-level hospitals",1,TRUE,"Referral and speacialty hospitals","Chronic","Mortality reduction: age 5+; group II-III causes","87234.0","0.05",874.007437088679
"241","RH9.1","Treatment of early-stage childhood cancers (such as Burkitt and Hodgkin lymphoma, acute lymphoblastic leukemia, retinoblastoma, and Wilms tumor) with curative intent in pediatric cancer units or hospitals",1,TRUE,"Referral and speacialty hospitals","Chronic","Mortality reduction; under-5","45325.0","0.05",24.1432289112496
"242","RH9.2","Treatment of early-stage childhood cancers (such as Burkitt and Hodgkin lymphoma, acute lymphoblastic leukemia, retinoblastoma, and Wilms tumor) with curative intent in pediatric cancer units or hospitals",1,TRUE,"Referral and speacialty hospitals","Chronic","Mortality reduction; under-5","69104.0","0.05",3182.37499143983
